name,year,latitude,longitude,city,region,zipCode,cuisine,price,url
Kilian Stuba,2019,47.34858,10.17114,Kleinwalsertal,Austria,87568,Creative,$$$$$,https://guide.michelin.com/at/en/vorarlberg/kleinwalsertal/restaurant/kilian-stuba
Pfefferschiff,2019,47.83787,13.07917,Hallwang,Austria,5300,Classic cuisine,$$$$$,https://guide.michelin.com/at/en/salzburg-region/hallwang/restaurant/pfefferschiff
Esszimmer,2019,47.80685,13.03409,Salzburg,Austria,5020,Creative,$$$$$,https://guide.michelin.com/at/en/salzburg-region/salzburg/restaurant/esszimmer
Carpe Diem,2019,47.80001,13.04006,Salzburg,Austria,5020,Market cuisine,$$$$$,https://guide.michelin.com/at/en/salzburg-region/salzburg/restaurant/carpe-diem
Edvard,2019,48.216503,16.36852,Wien,Austria,1010,Modern cuisine,$$$$,https://guide.michelin.com/at/en/vienna/wien/restaurant/edvard
Das Loft,2019,48.21272,16.37931,Wien,Austria,1020,Modern cuisine,$$$$$,https://guide.michelin.com/at/en/vienna/wien/restaurant/das-loft
Pramerl & the Wolf,2019,48.20945,16.37174,Wien,Austria,1090,Creative,$$$$$,https://guide.michelin.com/at/en/vienna/wien/restaurant/pramerl-the-wolf
Walter Bauer,2019,48.20923,16.37672,Wien,Austria,1010,Classic cuisine,$$$$$,https://guide.michelin.com/at/en/vienna/wien/restaurant/walter-bauer
SHIKI,2019,48.204067,16.37098,Wien,Austria,1010,Japanese,$$$$$,https://guide.michelin.com/at/en/vienna/wien/restaurant/shiki
Tian,2019,48.20513,16.37456,Wien,Austria,1010,Vegetarian,$$$$$,https://guide.michelin.com/at/en/vienna/wien/restaurant/tian
aend,2019,48.18957,16.34115,Wien,Austria,1010,Modern cuisine,$$$$$,https://guide.michelin.com/at/en/vienna/wien/restaurant/aend
Le Ciel by Toni Mörwald,2019,48.20209,16.37156,Wien,Austria,1010,Classic cuisine,$$$$$,https://guide.michelin.com/at/en/vienna/wien/restaurant/le-ciel-by-toni-morwald
Chez TJ,2019,37.39468,-122.08044,South San Francisco,California,94041,Contemporary,$$$$,https://guide.michelin.com/us/en/california/south-san-francisco/restaurant/chez-tj
Protégé,2019,37.427853,-122.14362,South San Francisco,California,94301,Contemporary,$$$,https://guide.michelin.com/us/en/california/south-san-francisco/restaurant/protege
Madera,2019,37.42014,-122.21151,San Francisco,California,94025,Contemporary,$$$,https://guide.michelin.com/us/en/california/san-francisco/restaurant/madera
The Village Pub,2019,37.42897,-122.25178,San Francisco,California,94062,Contemporary,$$$,https://guide.michelin.com/us/en/california/san-francisco/restaurant/the-village-pub
Plumed Horse,2019,37.25648,-122.03537,South San Francisco,California,95070,Contemporary,$$$$,https://guide.michelin.com/us/en/california/south-san-francisco/restaurant/plumed-horse
Wakuriya,2019,37.52114,-122.3366,San Francisco,California,94402,Japanese,$$$$,https://guide.michelin.com/us/en/california/san-francisco/restaurant/wakuriya
Sushi Yoshizumi,2019,37.565075,-122.3211,San Francisco,California,94401,Japanese,$$$$,https://guide.michelin.com/us/en/california/san-francisco/restaurant/sushi-yoshizumi
Rasa,2019,37.577522,-122.345985,San Francisco,California,94010,Indian,$$,https://guide.michelin.com/us/en/california/san-francisco/restaurant/rasa
Maum,2019,37.72669,-122.414215,South San Francisco,California,94101,Korean,$$$$,https://guide.michelin.com/us/en/california/south-san-francisco/restaurant/maum
Al's Place,2019,37.748924,-122.42013,San Francisco,California,94110,Californian,$$,https://guide.michelin.com/us/en/california/san-francisco/restaurant/al-s-place
Aster,2019,37.755054,-122.423134,San Francisco,California,94110,Californian,$$$,https://guide.michelin.com/us/en/california/san-francisco/restaurant/aster
Omakase,2019,37.77077,-122.40298,San Francisco,California,94103,Japanese,$$$$,https://guide.michelin.com/us/en/california/san-francisco/restaurant/omakase
Commonwealth,2019,37.761395,-122.41946,San Francisco,California,94110,Contemporary,$$,https://guide.michelin.com/us/en/california/san-francisco/restaurant/commonwealth
Luce,2019,37.78194,-122.40498,San Francisco,California,94103,Contemporary,$$$,https://guide.michelin.com/us/en/california/san-francisco/restaurant/luce
Birdsong,2019,37.779495,-122.41048,San Francisco,California,94101,American,$$$$,https://guide.michelin.com/us/en/california/san-francisco/restaurant/birdsong
In Situ,2019,37.785633,-122.40113,San Francisco,California,94103,International,$$$$,https://guide.michelin.com/us/en/california/san-francisco/restaurant/in-situ
Mourad,2019,37.78695,-122.39987,San Francisco,California,94105,Moroccan,$$$,https://guide.michelin.com/us/en/california/san-francisco/restaurant/mourad
Hashiri,2019,37.783062,-122.40754,San Francisco,California,94103,Japanese,$$$$,https://guide.michelin.com/us/en/california/san-francisco/restaurant/hashiri
Angler,2019,37.793167,-122.39213,San Francisco,California,94101,Contemporary,$$$$,https://guide.michelin.com/us/en/california/san-francisco/restaurant/angler
Rich Table,2019,37.774914,-122.42271,San Francisco,California,94102,Contemporary,$$$,https://guide.michelin.com/us/en/california/san-francisco/restaurant/rich-table
Kin Khao,2019,37.785267,-122.40951,San Francisco,California,94102,Thai,$$,https://guide.michelin.com/us/en/california/san-francisco/restaurant/kin-khao
Michael Mina,2019,37.79349,-122.399574,San Francisco,California,94102,Contemporary,$$$$,https://guide.michelin.com/us/en/california/san-francisco/restaurant/michael-mina
Sons & Daughters,2019,37.79037,-122.40917,San Francisco,California,94108,Contemporary,$$$$,https://guide.michelin.com/us/en/california/san-francisco/restaurant/sons-daughters
Mister Jiu's,2019,37.79371,-122.406654,San Francisco,California,94108,Chinese,$$$,https://guide.michelin.com/us/en/california/san-francisco/restaurant/mister-jius
Nico,2019,37.795803,-122.40333,San Francisco,California,94101,Contemporary,$$$,https://guide.michelin.com/us/en/california/san-francisco/restaurant/nico
jū-ni,2019,37.77672,-122.43886,San Francisco,California,94117,Japanese,$$$$,https://guide.michelin.com/us/en/california/san-francisco/restaurant/ju-ni
Keiko à Nob Hill,2019,37.793106,-122.41445,San Francisco,California,94109,Fusion,$$$$,https://guide.michelin.com/us/en/california/san-francisco/restaurant/keiko-a-nob-hill
The Progress,2019,37.78371,-122.43282,San Francisco,California,94115,Californian,$$$,https://guide.michelin.com/us/en/california/san-francisco/restaurant/the-progress
State Bird Provisions,2019,37.783737,-122.43283,San Francisco,California,94115,American,$$,https://guide.michelin.com/us/en/california/san-francisco/restaurant/state-bird-provisions
Octavia,2019,37.787857,-122.42709,San Francisco,California,94109,Californian,$$$,https://guide.michelin.com/us/en/california/san-francisco/restaurant/octavia
SPQR,2019,37.78732,-122.43375,San Francisco,California,94115,Italian,$$$,https://guide.michelin.com/us/en/california/san-francisco/restaurant/spqr
Lord Stanley,2019,37.79592,-122.42208,San Francisco,California,94109,Californian,$$$,https://guide.michelin.com/us/en/california/san-francisco/restaurant/lord-stanley
Kinjo,2019,37.79699,-122.422005,San Francisco,California,94109,Japanese,$$$$,https://guide.michelin.com/us/en/california/san-francisco/restaurant/kinjo
Sorrel,2019,37.788334,-122.44614,San Francisco,California,94101,Californian,$$$,https://guide.michelin.com/us/en/california/san-francisco/restaurant/sorrel
Gary Danko,2019,37.80599,-122.42066,San Francisco,California,94109,Contemporary,$$$$,https://guide.michelin.com/us/en/california/san-francisco/restaurant/gary-danko
Bar Crenn,2019,37.798435,-122.43581,San Francisco,California,94101,French,$$$,https://guide.michelin.com/us/en/california/san-francisco/restaurant/bar-crenn
Spruce,2019,37.78772,-122.45264,San Francisco,California,94118,Californian,$$$,https://guide.michelin.com/us/en/california/san-francisco/restaurant/spruce
Wako,2019,37.783035,-122.461525,San Francisco,California,94118,Japanese,$$$$,https://guide.michelin.com/us/en/california/san-francisco/restaurant/wako
Madcap,2019,37.974712,-122.56168,San Francisco,California,94960,Contemporary,$$$$,https://guide.michelin.com/us/en/california/san-francisco/restaurant/madcap
Aubergine,2019,36.55406,-121.924355,Monterey,California,93921,Contemporary,$$$$,https://guide.michelin.com/us/en/california/monterey/restaurant/aubergine
Kenzo,2019,38.29924,-122.28928,San Francisco,California,94559,Japanese,$$$$,https://guide.michelin.com/us/en/california/san-francisco/restaurant/kenzo
La Toque,2019,38.30351,-122.28349,San Francisco,California,94573,Contemporary,$$$$,https://guide.michelin.com/us/en/california/san-francisco/restaurant/la-toque
Bouchon,2019,38.40258,-122.3619,San Francisco,California,94599,French,$$$,https://guide.michelin.com/us/en/california/san-francisco/restaurant/bouchon
Auberge du Soleil,2019,38.49199,-122.40534,San Francisco,California,94573,Californian,$$$$,https://guide.michelin.com/us/en/california/san-francisco/restaurant/auberge-du-soleil
Farmhouse Inn & Restaurant,2019,38.49039,-122.8835,San Francisco,California,95436,Californian,$$$$,https://guide.michelin.com/us/en/california/san-francisco/restaurant/farmhouse-inn-restaurant
The Kitchen,2019,38.58894,-121.41424,Sacramento,California,95825,Contemporary,$$$$,https://guide.michelin.com/us/en/california/us-sacramento/restaurant/the-kitchen559371
Madrona Manor,2019,38.60428,-122.88647,San Francisco,California,95448,Contemporary,$$$$,https://guide.michelin.com/us/en/california/san-francisco/restaurant/madrona-manor
Harbor House,2019,39.135876,-123.719444,San Francisco,California,N/A,Californian,$$$$,https://guide.michelin.com/us/en/california/san-francisco/restaurant/harbor-house
Shin Sushi,2019,34.15784,-118.49415,Los Angeles,California,91436,Japanese,$$$,https://guide.michelin.com/us/en/california/us-los-angeles/restaurant/shin-sushi
Rustic Canyon,2019,34.024952,-118.49118,Los Angeles,California,90401,Californian,$$$,https://guide.michelin.com/us/en/california/us-los-angeles/restaurant/rustic-canyon
Dialogue,2019,34.01679,-118.49748,Los Angeles,California,90401,Contemporary,$$$$,https://guide.michelin.com/us/en/california/us-los-angeles/restaurant/dialogue
Kato,2019,34.041683,-118.460915,Los Angeles,California,90025,Asian,$$$,https://guide.michelin.com/us/en/california/us-los-angeles/restaurant/kato
CUT,2019,34.067036,-118.401024,Los Angeles,California,90212,Steakhouse,$$$$,https://guide.michelin.com/us/en/california/us-los-angeles/restaurant/cut559418
Nozawa Bar,2019,34.0683,-118.39849,Los Angeles,California,90210,Japanese,$$$$,https://guide.michelin.com/us/en/california/us-los-angeles/restaurant/nozawa-bar
Shunji,2019,34.028496,-118.45195,Los Angeles,California,90064,Japanese,$$$$,https://guide.michelin.com/us/en/california/us-los-angeles/restaurant/shunji
Maude,2019,34.064346,-118.39904,Los Angeles,California,90212,Contemporary,$$$$,https://guide.michelin.com/us/en/california/us-los-angeles/restaurant/maude
Mori Sushi,2019,34.033398,-118.44229,Los Angeles,California,90064,Japanese,$$$$,https://guide.michelin.com/us/en/california/us-los-angeles/restaurant/mori-sushi
Trois Mec,2019,34.084255,-118.33851,Los Angeles,California,90028,Contemporary,$$$$,https://guide.michelin.com/us/en/california/us-los-angeles/restaurant/trois-mec
Osteria Mozza,2019,34.08342,-118.338974,Los Angeles,California,90028,Italian,$$$,https://guide.michelin.com/us/en/california/us-los-angeles/restaurant/osteria-mozza
Kali,2019,34.083443,-118.32455,Los Angeles,California,90028,Californian,$$$,https://guide.michelin.com/us/en/california/us-los-angeles/restaurant/kali
Le Comptoir,2019,34.06354,-118.30057,Los Angeles,California,90020,Californian,$$$$,https://guide.michelin.com/us/en/california/us-los-angeles/restaurant/le-comptoir
Q Sushi,2019,34.046883,-118.255844,Los Angeles,California,90017,Japanese,$$$$,https://guide.michelin.com/us/en/california/us-los-angeles/restaurant/q-sushi
Shibumi,2019,34.044155,-118.256134,Los Angeles,California,90014,Japanese,$$$$,https://guide.michelin.com/us/en/california/us-los-angeles/restaurant/shibumi559644
Hayato,2019,34.03311,-118.24265,Los Angeles,California,90001,Japanese,$$$$,https://guide.michelin.com/us/en/california/us-los-angeles/restaurant/hayato
Bistro Na's,2019,34.104412,-118.07159,Los Angeles,California,91780,Chinese,$$,https://guide.michelin.com/us/en/california/us-los-angeles/restaurant/bistro-na-s
Orsa & Winston,2019,33.92145,-118.275406,Los Angeles,California,90013,Fusion,$$$$,https://guide.michelin.com/us/en/california/us-los-angeles/restaurant/orsa-winston
Taco María,2019,33.69475,-117.924965,Costa Mesa,California,92626,Mexican,$$$,https://guide.michelin.com/us/en/california/us-costa-mesa/restaurant/taco-maria
Hana re,2019,33.67759,-117.886566,Costa Mesa,California,92626,Japanese,$$$$,https://guide.michelin.com/us/en/california/us-costa-mesa/restaurant/hana-re
Addison,2019,32.939903,-117.20013,San Diego,California,92130,Contemporary,$$$$,https://guide.michelin.com/us/en/california/us-san-diego/restaurant/addison
Parachute,2019,41.94483,-87.70638,Chicago,Chicago,60618,Fusion,$$,https://guide.michelin.com/us/en/illinois/chicago/restaurant/parachute
Goosefoot,2019,41.96856,-87.69596,Chicago,Chicago,60625,Contemporary,$$$$,https://guide.michelin.com/us/en/illinois/chicago/restaurant/goosefoot
Elizabeth,2019,41.969555,-87.688736,Chicago,Chicago,60625,Contemporary,$$$$,https://guide.michelin.com/us/en/illinois/chicago/restaurant/elizabeth
EL Ideas,2019,41.863,-87.68686,Chicago,Chicago,60618,Contemporary,$$$$,https://guide.michelin.com/us/en/illinois/chicago/restaurant/el-ideas
Band of Bohemia,2019,41.967308,-87.67477,Chicago,Chicago,60640,Gastropub,$$$,https://guide.michelin.com/us/en/illinois/chicago/restaurant/band-of-bohemia
Schwa,2019,41.90888,-87.66792,Chicago,Chicago,60662,Contemporary,$$$$,https://guide.michelin.com/us/en/illinois/chicago/restaurant/schwa
Temporis,2019,41.898907,-87.66725,Chicago,Chicago,N/A,Contemporary,$$$$,https://guide.michelin.com/us/en/illinois/chicago/restaurant/temporis
Entente,2019,41.93721,-87.6652,Chicago,Chicago,60657,Contemporary,$$$,https://guide.michelin.com/us/en/illinois/chicago/restaurant/entente
Elske,2019,41.884426,-87.66071,Chicago,Chicago,60607,Contemporary,$$$$,https://guide.michelin.com/us/en/illinois/chicago/restaurant/elske
Dusek's (Board & Beer),2019,41.857853,-87.65757,Chicago,Chicago,60608,Gastropub,$$,https://guide.michelin.com/us/en/illinois/chicago/restaurant/dusek-s-board-beer
Roister,2019,41.886658,-87.65187,Chicago,Chicago,60607,Contemporary,$$$,https://guide.michelin.com/us/en/illinois/chicago/restaurant/roister
Boka,2019,41.91363,-87.64806,Chicago,Chicago,60614,Contemporary,$$$,https://guide.michelin.com/us/en/illinois/chicago/restaurant/boka
Blackbird,2019,41.88423,-87.64356,Chicago,Chicago,60661,Contemporary,$$$,https://guide.michelin.com/us/en/illinois/chicago/restaurant/blackbird
Sepia,2019,41.88394,-87.64247,Chicago,Chicago,60661,American,$$$,https://guide.michelin.com/us/en/illinois/chicago/restaurant/sepia
North Pond,2019,41.9296,-87.63762,Chicago,Chicago,60614,Contemporary,$$$,https://guide.michelin.com/us/en/illinois/chicago/restaurant/north-pond
Everest,2019,41.87597,-87.63212,Chicago,Chicago,60605,French,$$$$,https://guide.michelin.com/us/en/illinois/chicago/restaurant/everest
Topolobampo,2019,41.89047,-87.63085,Chicago,Chicago,60654,Mexican,$$$$,https://guide.michelin.com/us/en/illinois/chicago/restaurant/topolobampo
Spiaggia,2019,41.90062,-87.62457,Chicago,Chicago,60611,Italian,$$$$,https://guide.michelin.com/us/en/illinois/chicago/restaurant/spiaggia
Monte,2019,45.08279,13.631168,Rovinj,Croatia,52210,Creative,$$$$$,https://guide.michelin.com/hr/en/istria/rovinj/restaurant/monte
Draga di Lovrana,2019,45.275867,14.251401,Lovran,Croatia,51415,Modern cuisine,$$$$$,https://guide.michelin.com/hr/en/primorje-gorski-kotar/lovran/restaurant/draga-di-lovrana
Noel,2019,45.811054,15.988205,Zagreb,Croatia,10000,Modern cuisine,$$$$$,https://guide.michelin.com/hr/en/zagreb-region/zagreb/restaurant/noel
Pelegrini,2019,43.73603,15.888903,Šibenik,Croatia,22000,Modern cuisine,$$$$$,https://guide.michelin.com/hr/en/sibenik-knin/sibenik/restaurant/pelegrini
360º,2019,42.641563,18.111523,Dubrovnik,Croatia,20000,Modern cuisine,$$$$$,https://guide.michelin.com/hr/en/dubrovnik-neretva/dubrovnik/restaurant/360%C2%BA
Field,2019,50.0919,14.42193,Praha,Czech Republic,110 00,Modern cuisine,$$$$$,https://guide.michelin.com/cz/en/prague/praha/restaurant/field
La Degustation Bohême Bourgeoise,2019,50.09115,14.42511,Praha,Czech Republic,110 00,Modern cuisine,$$$$$,https://guide.michelin.com/cz/en/prague/praha/restaurant/la-degustation-boheme-bourgeoise
Gastromé,2019,56.15788,10.20937,Aarhus,Denmark,8000,Modern cuisine,$$$,https://guide.michelin.com/dk/en/central-denmark/aarhus/restaurant/gastrome
Domestic,2019,56.15893,10.212132,Aarhus,Denmark,8000,Modern cuisine,$$$,https://guide.michelin.com/dk/en/central-denmark/aarhus/restaurant/domestic
Substans,2019,56.15415,10.20372,Aarhus,Denmark,8000,Modern cuisine,$$$,https://guide.michelin.com/dk/en/central-denmark/aarhus/restaurant/substans
Frederikshøj,2019,56.12497,10.208638,Aarhus,Denmark,8000,Creative,$$$$,https://guide.michelin.com/dk/en/central-denmark/aarhus/restaurant/frederikshoj
Me‚Mu,2019,55.70901,9.53302,Vejle,Denmark,7100,Modern cuisine,$$$,https://guide.michelin.com/dk/en/vejle/restaurant/me%E2%80%9Amu
Ti Trin Ned,2019,55.56659,9.752689,Fredericia,Denmark,7000,Modern cuisine,$$$,https://guide.michelin.com/dk/en/southern-denmark/fredericia/restaurant/ti-trin-ned
Slotskøkkenet,2019,55.771236,11.390805,Hørve,Denmark,4534,Creative,$$$$,https://guide.michelin.com/dk/en/zealand/horve/restaurant/slotskokkenet
Søllerød Kro,2019,55.81325,12.49548,København,Denmark,2840,Modern cuisine,$$,https://guide.michelin.com/dk/en/capital-region/kobenhavn/restaurant/sollerod-kro
Jordnær,2019,55.748226,12.541014,København,Denmark,2820,Danish,$$$,https://guide.michelin.com/dk/en/capital-region/kobenhavn/restaurant/jordnaer
Relæ,2019,55.693233,12.543222,København,Denmark,2200 N,Modern cuisine,$$,https://guide.michelin.com/dk/en/capital-region/kobenhavn/restaurant/relae
Kiin Kiin,2019,55.69188,12.55754,København,Denmark,2200 N,Thai,$$,https://guide.michelin.com/dk/en/capital-region/kobenhavn/restaurant/kiin-kiin
formel B,2019,55.67031,12.53798,København,Denmark,1800 C,Modern cuisine,$$,https://guide.michelin.com/dk/en/capital-region/kobenhavn/restaurant/formel-b
Kokkeriet,2019,55.68768,12.58492,København,Denmark,1306 K,Modern cuisine,$$$,https://guide.michelin.com/dk/en/capital-region/kobenhavn/restaurant/kokkeriet
Clou,2019,55.68342,12.58497,København,Denmark,2100 K,Modern cuisine,$$$$,https://guide.michelin.com/dk/en/capital-region/kobenhavn/restaurant/clou
Marchal,2019,55.68034,12.58508,København,Denmark,1050 K,Modern cuisine,$$,https://guide.michelin.com/dk/en/capital-region/kobenhavn/restaurant/marchal
Kong Hans Kælder,2019,55.6787,12.584003,København,Denmark,1070 K,Classic French,$$$$,https://guide.michelin.com/dk/en/capital-region/kobenhavn/restaurant/kong-hans-kaelder
Stud!o at The Standard,2019,55.67799,12.59191,København,Denmark,1058 K,Creative,$$$,https://guide.michelin.com/dk/en/capital-region/kobenhavn/restaurant/stud-o-at-the-standard
108,2019,55.67785,12.5980835,København,Denmark,1401 K,Modern cuisine,$$$,https://guide.michelin.com/dk/en/capital-region/kobenhavn/restaurant/108
Era Ora,2019,55.673004,12.591292,København,Denmark,1414 K,Italian,$$,https://guide.michelin.com/dk/en/capital-region/kobenhavn/restaurant/era-ora
Alouette,2019,55.66265,12.57634,København,Denmark,2300 S,Modern cuisine,$$$,https://guide.michelin.com/dk/en/capital-region/kobenhavn/restaurant/alouette
Frederiksminde,2019,55.12417,12.04623,Præstø,Denmark,4720,Creative,$$$,https://guide.michelin.com/dk/en/zealand/praesto/restaurant/frederiksminde
Kadeau Bornholm,2019,55.00457,14.969216,Pedersker,Denmark,3720,Creative,$$$$,https://guide.michelin.com/dk/en/capital-region/pedersker/restaurant/kadeau-bornholm
Ask,2019,60.17236,24.95648,Helsingfors / Helsinki,Finland,00170,Modern cuisine,$$$,https://guide.michelin.com/fi/en/uusimaa/helsingfors-helsinki/restaurant/ask
Grön,2019,60.16446,24.93308,Helsingfors / Helsinki,Finland,00180,Finnish,$$$,https://guide.michelin.com/fi/en/uusimaa/helsingfors-helsinki/restaurant/gron
Demo,2019,60.164806,24.941635,Helsingfors / Helsinki,Finland,00120,Modern cuisine,$$$,https://guide.michelin.com/fi/en/uusimaa/helsingfors-helsinki/restaurant/demo
Olo,2019,60.16616,24.947704,Helsingfors / Helsinki,Finland,00170,Modern cuisine,$$$,https://guide.michelin.com/fi/en/uusimaa/helsingfors-helsinki/restaurant/olo
Palace,2019,60.16556,24.95256,Helsingfors / Helsinki,Finland,00130,Modern cuisine,$$$,https://guide.michelin.com/fi/en/uusimaa/helsingfors-helsinki/restaurant/palace
Ora,2019,60.157578,24.942947,Helsingfors / Helsinki,Finland,00150,Modern cuisine,$$$,https://guide.michelin.com/fi/en/uusimaa/helsingfors-helsinki/restaurant/ora
Botrini's,2019,38.02318,23.79377,Athína,Greece,152 33,Mediterranean,$$$$$,https://guide.michelin.com/gr/en/attica/athina/restaurant/botrini-s
Varoulko Seaside,2019,37.937378,23.658577,Athína,Greece,185 33,Seafood,$$$$$,https://guide.michelin.com/gr/en/attica/athina/restaurant/varoulko-seaside
Hytra,2019,37.95818,23.71895,Athína,Greece,11745,Modern cuisine,$$$$$,https://guide.michelin.com/gr/en/attica/athina/restaurant/hytra
Loaf On,2019,22.379858,114.27188,Hong Kong,Hong Kong,N/A,Cantonese,$$,https://guide.michelin.com/hk/en/hong-kong-region/hong-kong/restaurant/loaf-on
Lei Garden (Kwun Tong),2019,22.312672,114.22482,Hong Kong,Hong Kong,N/A,Cantonese,$,https://guide.michelin.com/hk/en/hong-kong-region/hong-kong/restaurant/lei-garden-kwun-tong
Tim Ho Wan (Sham Shui Po),2019,22.32805,114.16665,Hong Kong,Hong Kong,N/A,Dim Sum,$,https://guide.michelin.com/hk/en/hong-kong-region/hong-kong/restaurant/tim-ho-wan-sham-shui-po
Lei Garden (Mong Kok),2019,22.320219,114.17133,Hong Kong,Hong Kong,N/A,Cantonese,$,https://guide.michelin.com/hk/en/hong-kong-region/hong-kong/restaurant/lei-garden-mong-kok
Ming Court,2019,22.318314,114.16933,Hong Kong,Hong Kong,N/A,Cantonese,$$$,https://guide.michelin.com/hk/en/hong-kong-region/hong-kong/restaurant/ming-court
Yat Tung Heen (Jordan),2019,22.308014,114.17147,Hong Kong,Hong Kong,N/A,Cantonese,$$,https://guide.michelin.com/hk/en/hong-kong-region/hong-kong/restaurant/yat-tung-heen-jordan
Fu Ho (Tsim Sha Tsui),2019,22.3022,114.17194,Hong Kong,Hong Kong,N/A,Cantonese,$$,https://guide.michelin.com/hk/en/hong-kong-region/hong-kong/restaurant/fu-ho-tsim-sha-tsui
Shang Palace,2019,22.297325,114.177155,Hong Kong,Hong Kong,N/A,Cantonese,$$$,https://guide.michelin.com/hk/en/hong-kong-region/hong-kong/restaurant/shang-palace
IM Teppanyaki & Wine,2019,22.280807,114.19211,Hong Kong,Hong Kong,N/A,Teppanyaki,$$,https://guide.michelin.com/hk/en/hong-kong-region/hong-kong/restaurant/im-teppanyaki-wine
Ah Yat Harbour View (Tsim Sha Tsui),2019,22.296984,114.17197,Hong Kong,Hong Kong,N/A,Cantonese,$$,https://guide.michelin.com/hk/en/hong-kong-region/hong-kong/restaurant/ah-yat-harbour-view-tsim-sha-tsui
Rech,2019,22.293434,114.174034,Hong Kong,Hong Kong,N/A,Seafood,$$$$,https://guide.michelin.com/hk/en/hong-kong-region/hong-kong/restaurant/rech
Spring Moon,2019,22.294943,114.17182,Hong Kong,Hong Kong,N/A,Cantonese,$$$,https://guide.michelin.com/hk/en/hong-kong-region/hong-kong/restaurant/spring-moon
Imperial Treasure Fine Chinese Cuisine,2019,22.296177,114.170006,Hong Kong,Hong Kong,N/A,Cantonese,$$,https://guide.michelin.com/hk/en/hong-kong-region/hong-kong/restaurant/imperial-treasure-fine-chinese-cuisine
Sushi Tokami,2019,22.296112,114.16916,Hong Kong,Hong Kong,N/A,Sushi,$$$$$,https://guide.michelin.com/hk/en/hong-kong-region/hong-kong/restaurant/sushi-tokami
Tosca,2019,22.30357,114.16007,Hong Kong,Hong Kong,N/A,Italian,$$$,https://guide.michelin.com/hk/en/hong-kong-region/hong-kong/restaurant/tosca352519
Épure,2019,22.29583,114.169304,,Hong Kong,N/A,French,$$$,https://guide.michelin.com/hk/en/hong-kong-region/hong-kong/restaurant/epure
Yee Tung Heen,2019,22.282295,114.184135,Hong Kong,Hong Kong,N/A,Cantonese,$$,https://guide.michelin.com/hk/en/hong-kong-region/hong-kong/restaurant/yee-tung-heen
Yè Shanghai (Tsim Sha Tsui),2019,22.295143,114.168236,Hong Kong,Hong Kong,N/A,Shanghainese,$,https://guide.michelin.com/hk/en/hong-kong-region/hong-kong/restaurant/ye-shanghai-tsim-sha-tsui
Ho Hung Kee,2019,22.280058,114.18364,Hong Kong,Hong Kong,N/A,Noodles and congee,$,https://guide.michelin.com/hk/en/hong-kong-region/hong-kong/restaurant/ho-hung-kee
Jardin de Jade (Wan Chai),2019,22.28025,114.17716,Hong Kong,Hong Kong,N/A,Shanghainese,$$,https://guide.michelin.com/hk/en/hong-kong-region/hong-kong/restaurant/jardin-de-jade-wan-chai
Zhejiang Heen,2019,22.2787,114.17763,Hong Kong,Hong Kong,N/A,Shanghainese,$$,https://guide.michelin.com/hk/en/hong-kong-region/hong-kong/restaurant/zhejiang-heen
Takumi by Daisuke Mori,2019,22.276512,114.17718,Hong Kong,Hong Kong,N/A,Innovative,$$$$$,https://guide.michelin.com/hk/en/hong-kong-region/hong-kong/restaurant/takumi-by-daisuke-mori
Kam's Roast Goose,2019,22.277693,114.175385,Hong Kong,Hong Kong,N/A,Cantonese Roast Meats,$,https://guide.michelin.com/hk/en/hong-kong-region/hong-kong/restaurant/kam-s-roast-goose
Pang's Kitchen,2019,22.26921,114.18452,Hong Kong,Hong Kong,N/A,Cantonese,$,https://guide.michelin.com/hk/en/hong-kong-region/hong-kong/restaurant/pang-s-kitchen
Xin Rong Ji,2019,22.278013,114.17273,Hong Kong,Hong Kong,N/A,Taizhou,$$$,https://guide.michelin.com/hk/en/hong-kong-region/hong-kong/restaurant/xin-rong-ji
Qi (Wan Chai),2019,22.276443,114.17126,Hong Kong,Hong Kong,N/A,Sichuan,$,https://guide.michelin.com/hk/en/hong-kong-region/hong-kong/restaurant/qi-wan-chai
Man Wah,2019,22.282213,114.15951,Hong Kong,Hong Kong,N/A,Cantonese,$$$$,https://guide.michelin.com/hk/en/hong-kong-region/hong-kong/restaurant/man-wah
Summer Palace,2019,22.277136,114.1643,Hong Kong,Hong Kong,N/A,Cantonese,$$$,https://guide.michelin.com/hk/en/hong-kong-region/hong-kong/restaurant/summer-palace
Octavium,2019,22.282587,114.1572,Hong Kong,Hong Kong,N/A,Italian,$$$,https://guide.michelin.com/hk/en/hong-kong-region/hong-kong/restaurant/octavium
Arbor,2019,22.283146,114.15542,,Hong Kong,N/A,Innovative,$$$,https://guide.michelin.com/hk/en/hong-kong-region/hong-kong/restaurant/arbor
VEA,2019,22.284931,114.15313,Hong Kong,Hong Kong,N/A,Innovative,$$$$$,https://guide.michelin.com/hk/en/hong-kong-region/hong-kong/restaurant/vea
Mandarin Grill + Bar,2019,22.281048,114.1574,Hong Kong,Hong Kong,N/A,European contemporary,$$$$,https://guide.michelin.com/hk/en/hong-kong-region/hong-kong/restaurant/mandarin-grill-bar
Yat Lok,2019,22.28226,114.155655,Hong Kong,Hong Kong,N/A,Cantonese Roast Meats,$,https://guide.michelin.com/hk/en/hong-kong-region/hong-kong/restaurant/yat-lok
Guo Fu Lou,2019,22.278313,114.16034,Hong Kong,Hong Kong,N/A,Cantonese,$$$,https://guide.michelin.com/hk/en/hong-kong-region/hong-kong/restaurant/guo-fu-lou567828
Celebrity Cuisine,2019,22.284334,114.15312,Hong Kong,Hong Kong,N/A,Cantonese,$$,https://guide.michelin.com/hk/en/hong-kong-region/hong-kong/restaurant/celebrity-cuisine
Sushi Wadatsumi,2019,22.281038,114.15646,Hong Kong,Hong Kong,N/A,Sushi,$$$,https://guide.michelin.com/hk/en/hong-kong-region/hong-kong/restaurant/sushi-wadatsumi
Arcane,2019,22.280624,114.15682,Hong Kong,Hong Kong,N/A,European contemporary,$$$,https://guide.michelin.com/hk/en/hong-kong-region/hong-kong/restaurant/arcane
Duddell's,2019,22.28008,114.157364,Hong Kong,Hong Kong,N/A,Cantonese,$$$,https://guide.michelin.com/hk/en/hong-kong-region/hong-kong/restaurant/duddell-s
Beefbar,2019,22.27982,114.15752,Hong Kong,Hong Kong,N/A,Steakhouse,$$,https://guide.michelin.com/hk/en/hong-kong-region/hong-kong/restaurant/beefbar
New Punjab Club,2019,22.28005,114.15525,Hong Kong,Hong Kong,N/A,Indian,$$,https://guide.michelin.com/hk/en/hong-kong-region/hong-kong/restaurant/new-punjab-club
Kaiseki Den by Saotome,2019,22.285713,114.147865,Hong Kong,Hong Kong,N/A,Japanese,$$$$$,https://guide.michelin.com/hk/en/hong-kong-region/hong-kong/restaurant/kaiseki-den-by-saotome
Belon,2019,22.281662,114.152405,Hong Kong,Hong Kong,N/A,French,$$$,https://guide.michelin.com/hk/en/hong-kong-region/hong-kong/restaurant/belon
Tate,2019,22.280996,114.15276,Hong Kong,Hong Kong,N/A,Innovative,$$$$$,https://guide.michelin.com/hk/en/hong-kong-region/hong-kong/restaurant/tate
The Ocean,2019,22.235146,114.198524,Hong Kong,Hong Kong,N/A,French,$$$$$,https://guide.michelin.com/hk/en/hong-kong-region/hong-kong/restaurant/the-ocean
Costes Downtown,2019,47.50113,19.048595,Budapest,Hungary,1051,Modern cuisine,$$$$,https://guide.michelin.com/hu/en/central-hungary/budapest/restaurant/costes-downtown
Borkonyha Winekitchen,2019,47.49953,19.052391,Budapest,Hungary,1051,Modern cuisine,$$$$,https://guide.michelin.com/hu/en/central-hungary/budapest/restaurant/borkonyha-winekitchen
Stand,2019,47.500244,19.059624,Budapest,Hungary,1061,Modern cuisine,$$$,https://guide.michelin.com/hu/en/central-hungary/budapest/restaurant/stand
Babel,2019,47.492603,19.05256,Budapest,Hungary,1052,Modern cuisine,$$$$$,https://guide.michelin.com/hu/en/central-hungary/budapest/restaurant/babel
Costes,2019,47.48873,19.061779,Budapest,Hungary,1092,Modern cuisine,$$$$$,https://guide.michelin.com/hu/en/central-hungary/budapest/restaurant/costes
The Kitchen,2019,22.191442,113.543,Macau,Macau,N/A,Steakhouse,$$$,https://guide.michelin.com/mo/en/macau-region/macau/restaurant/the-kitchen417810
Tim's Kitchen,2019,22.189898,113.5439,Macau,Macau,N/A,Cantonese,$$,https://guide.michelin.com/mo/en/macau-region/macau/restaurant/tim-s-kitchen
Wing Lei,2019,22.188028,113.54578,Macau,Macau,N/A,Cantonese,$$,https://guide.michelin.com/mo/en/macau-region/macau/restaurant/wing-lei
King,2019,22.190178,113.54028,Macau,Macau,N/A,Cantonese,$,https://guide.michelin.com/mo/en/macau-region/macau/restaurant/king380226
Ying,2019,22.161234,113.555405,Macau,Macau,N/A,Cantonese,$$,https://guide.michelin.com/mo/en/macau-region/macau/restaurant/ying
Shinji by Kanesaka,2019,22.149635,113.56397,Macau,Macau,N/A,Sushi,$$$$,https://guide.michelin.com/mo/en/macau-region/macau/restaurant/shinji-by-kanesaka
The Golden Peacock,2019,22.148178,113.56335,Macau,Macau,N/A,Indian,$,https://guide.michelin.com/mo/en/macau-region/macau/restaurant/the-golden-peacock
Zi Yat Heen,2019,22.145418,113.56152,Macau,Macau,N/A,Cantonese,$$,https://guide.michelin.com/mo/en/macau-region/macau/restaurant/zi-yat-heen
8 1/2 Otto e Mezzo - Bombana,2019,22.14918,113.55393,Macau,Macau,N/A,Italian,$$$,https://guide.michelin.com/mo/en/macau-region/macau/restaurant/8-1-2-otto-e-mezzo-bombana
Pearl Dragon,2019,22.140524,113.56256,Macau,Macau,N/A,Cantonese,$$$,https://guide.michelin.com/mo/en/macau-region/macau/restaurant/pearl-dragon
Lai Heen,2019,22.148754,113.551926,Macau,Macau,N/A,Cantonese,$$,https://guide.michelin.com/mo/en/macau-region/macau/restaurant/lai-heen
FAGN,2019,63.43392,10.39628,Trondheim,Norway,7010,Modern cuisine,$$$$,https://guide.michelin.com/no/en/trondelag/trondheim/restaurant/fagn
Credo,2019,63.43391,10.39631,Trondheim,Norway,7066,Creative,$$$$,https://guide.michelin.com/no/en/trondelag/trondheim/restaurant/credo
RE-NAA,2019,58.972088,5.732877,Stavanger,Norway,4006,Creative,$$$$,https://guide.michelin.com/no/en/rogaland/stavanger/restaurant/re-naa
Sabi Omakase,2019,58.969936,5.7433133,Stavanger,Norway,4013,Sushi,$$$$,https://guide.michelin.com/no/en/rogaland/stavanger/restaurant/sabi-omakase
Galt,2019,59.91661,10.71369,Oslo,Norway,0263,Modern cuisine,$$$,https://guide.michelin.com/no/en/oslo-region/oslo/restaurant/galt
Kontrast,2019,59.92355,10.75106,Oslo,Norway,0178,Scandinavian,$$$,https://guide.michelin.com/no/en/oslo-region/oslo/restaurant/kontrast
Statholdergaarden,2019,59.90937,10.74305,Oslo,Norway,0151,Classic cuisine,$$$$,https://guide.michelin.com/no/en/oslo-region/oslo/restaurant/statholdergaarden
Del Posto,2019,40.74327,-74.0077,New York,New York City,10011,Italian,$$$$,https://guide.michelin.com/us/en/new-york-state/new-york/restaurant/del-posto
Le Grill de Joël Robuchon,2019,40.742897,-74.0077,New York,New York City,N/A,French,$$$$,https://guide.michelin.com/us/en/new-york-state/new-york/restaurant/le-grill-de-joel-robuchon
L'Appart,2019,40.711903,-74.01544,New York,New York City,10281,French,$$$$,https://guide.michelin.com/us/en/new-york-state/new-york/restaurant/l-appart
Okuda,2019,40.743793,-74.00633,New York,New York City,N/A,Japanese,$$$$,https://guide.michelin.com/us/en/new-york-state/new-york/restaurant/okuda
Wallsé,2019,40.73538,-74.00814,New York,New York City,10014,Austrian,$$$$,https://guide.michelin.com/us/en/new-york-state/new-york/restaurant/wallse
Jeju Noodle Bar,2019,40.732952,-74.00744,New York,New York City,10014,Korean,$$,https://guide.michelin.com/us/en/new-york-state/new-york/restaurant/jeju-noodle-bar
Sushi Nakazawa,2019,40.731716,-74.00451,New York,New York City,10014,Japanese,$$$$,https://guide.michelin.com/us/en/new-york-state/new-york/restaurant/sushi-nakazawa
Kosaka,2019,40.738316,-74.00137,New York,New York City,10011,Japanese,$$$$,https://guide.michelin.com/us/en/new-york-state/new-york/restaurant/kosaka
Bâtard,2019,40.719616,-74.00589,New York,New York City,10013,Contemporary,$$$$,https://guide.michelin.com/us/en/new-york-state/new-york/restaurant/batard
Hirohisa,2019,40.72452,-74.003006,New York,New York City,10012,Japanese,$$$,https://guide.michelin.com/us/en/new-york-state/new-york/restaurant/hirohisa
Blue Hill,2019,40.7321,-73.9996,New York,New York City,10011,American,$$$$,https://guide.michelin.com/us/en/new-york-state/new-york/restaurant/blue-hill
ZZ's Clam Bar,2019,40.727646,-74.00046,New York,New York City,10012,Seafood,$$$$,https://guide.michelin.com/us/en/new-york-state/new-york/restaurant/zz-s-clam-bar
Babbo,2019,40.73233,-73.99916,New York,New York City,10011,Italian,$$$$,https://guide.michelin.com/us/en/new-york-state/new-york/restaurant/babbo
Carbone,2019,40.727966,-74.00017,New York,New York City,10003,Italian,$$$$,https://guide.michelin.com/us/en/new-york-state/new-york/restaurant/carbone
Le Coucou,2019,40.719162,-74.00001,New York,New York City,10013,French,$$$,https://guide.michelin.com/us/en/new-york-state/new-york/restaurant/le-coucou
Aldea,2019,40.73885,-73.99366,New York,New York City,10011,Mediterranean,$$$$,https://guide.michelin.com/us/en/new-york-state/new-york/restaurant/aldea
Cote,2019,40.73778,-73.99375,New York,New York City,10010,Korean,$$$,https://guide.michelin.com/us/en/new-york-state/new-york/restaurant/cote
Bouley at Home,2019,40.74114,-73.99242,New York,New York City,N/A,Contemporary,$$$,https://guide.michelin.com/us/en/new-york-state/new-york/restaurant/bouley-at-home
Gotham Bar and Grill,2019,40.73417,-73.99379,New York,New York City,10003,American,$$$$,https://guide.michelin.com/us/en/new-york-state/new-york/restaurant/gotham-bar-and-grill
Nix,2019,40.733166,-73.993515,New York,New York City,10003,Vegetarian,$$$,https://guide.michelin.com/us/en/new-york-state/new-york/restaurant/nix
Junoon,2019,40.74325,-73.99077,New York,New York City,10010,Indian,$$$$,https://guide.michelin.com/us/en/new-york-state/new-york/restaurant/junoon
NoMad,2019,40.74497,-73.98883,New York,New York City,10001,Contemporary,$$$$,https://guide.michelin.com/us/en/new-york-state/new-york/restaurant/nomad
The Musket Room,2019,40.723915,-73.99375,New York,New York City,10012,Contemporary,$$$,https://guide.michelin.com/us/en/new-york-state/new-york/restaurant/the-musket-room
Uncle Boons,2019,40.721203,-73.99441,New York,New York City,10012,Thai,$$,https://guide.michelin.com/us/en/new-york-state/new-york/restaurant/uncle-boons
Noda,2019,40.74497,-73.988075,New York,New York City,N/A,Japanese,$$$$,https://guide.michelin.com/us/en/new-york-state/new-york/restaurant/noda
Gramercy Tavern,2019,40.73849,-73.98868,New York,New York City,10003,Contemporary,$$$$,https://guide.michelin.com/us/en/new-york-state/new-york/restaurant/gramercy-tavern
The Clocktower,2019,40.7414,-73.987595,New York,New York City,10010,Contemporary,$$$,https://guide.michelin.com/us/en/new-york-state/new-york/restaurant/the-clocktower
Ai Fiori,2019,40.75013,-73.98357,New York,New York City,10018,Italian,$$$$,https://guide.michelin.com/us/en/new-york-state/new-york/restaurant/ai-fiori
Casa Mono,2019,40.73595,-73.98706,New York,New York City,10003,Spanish,$$$,https://guide.michelin.com/us/en/new-york-state/new-york/restaurant/casa-mono
Jewel Bako,2019,40.72713,-73.98928,New York,New York City,10003,Japanese,$$$,https://guide.michelin.com/us/en/new-york-state/new-york/restaurant/jewel-bako
The River Café,2019,40.703613,-73.994774,New York,New York City,11201,Contemporary,$$$$,https://guide.michelin.com/us/en/new-york-state/new-york/restaurant/the-river-cafe
Bar Uchū,2019,40.72191,-73.99003,New York,New York City,10002,Japanese,$$$$,https://guide.michelin.com/us/en/new-york-state/new-york/restaurant/bar-uchu
Café China,2019,40.749973,-73.98228,New York,New York City,10016,Chinese,$$,https://guide.michelin.com/us/en/new-york-state/new-york/restaurant/cafe-china
Kanoyama,2019,40.73071,-73.98655,New York,New York City,10003,Japanese,$$$,https://guide.michelin.com/us/en/new-york-state/new-york/restaurant/kanoyama
Contra,2019,40.719917,-73.98922,New York,New York City,10002,Contemporary,$$$$,https://guide.michelin.com/us/en/new-york-state/new-york/restaurant/contra
Atomix,2019,40.744408,-73.98292,New York,New York City,N/A,Korean,$$$$,https://guide.michelin.com/us/en/new-york-state/new-york/restaurant/atomix
Kyo Ya,2019,40.7266,-73.98526,New York,New York City,10009,Japanese,$$$,https://guide.michelin.com/us/en/new-york-state/new-york/restaurant/kyo-ya
Kajitsu,2019,40.72776,-73.98428,New York,New York City,10016,Japanese,$$$,https://guide.michelin.com/us/en/new-york-state/new-york/restaurant/kajitsu
Agern,2019,40.75234,-73.9775,New York,New York City,10017,Scandinavian,$$$$,https://guide.michelin.com/us/en/new-york-state/new-york/restaurant/agern
Caviar Russe,2019,40.760685,-73.97355,New York,New York City,10022,Contemporary,$$$$,https://guide.michelin.com/us/en/new-york-state/new-york/restaurant/caviar-russe
Tuome,2019,40.724194,-73.9828,New York,New York City,10009,Fusion,$$,https://guide.michelin.com/us/en/new-york-state/new-york/restaurant/tuome
Tempura Matsui,2019,40.74839,-73.97474,New York,New York City,10158,Japanese,$$$$,https://guide.michelin.com/us/en/new-york-state/new-york/restaurant/tempura-matsui
Sushi Yasuda,2019,40.75108,-73.97364,New York,New York City,10017,Japanese,$$$$,https://guide.michelin.com/us/en/new-york-state/new-york/restaurant/sushi-yasuda
Sushi Amane,2019,40.75133,-73.971725,New York,New York City,10017,Japanese,$$$$,https://guide.michelin.com/us/en/new-york-state/new-york/restaurant/sushi-amane
Café Boulud,2019,40.77439,-73.96414,New York,New York City,10021,French,$$$$,https://guide.michelin.com/us/en/new-york-state/new-york/restaurant/cafe-boulud
Claro,2019,40.677395,-73.98615,New York,New York City,N/A,Mexican,$$,https://guide.michelin.com/us/en/new-york-state/new-york/restaurant/claro
Satsuki,2019,40.801243,-73.95187,New York,New York City,10036,Japanese,$$$$,https://guide.michelin.com/us/en/new-york-state/new-york/restaurant/satsuki
Sushi Noz,2019,40.77384,-73.958275,New York,New York City,N/A,Japanese,$$$$,https://guide.michelin.com/us/en/new-york-state/new-york/restaurant/sushi-noz
Sushi Inoue,2019,40.810448,-73.943726,New York,New York City,10027,Japanese,$$$$,https://guide.michelin.com/us/en/new-york-state/new-york/restaurant/sushi-inoue
Meadowsweet,2019,40.710354,-73.96317,New York,New York City,11212,Mediterranean,$$$,https://guide.michelin.com/us/en/new-york-state/new-york/restaurant/meadowsweet
Casa Enríque,2019,40.743492,-73.95425,New York,New York City,11101,Mexican,$$,https://guide.michelin.com/us/en/new-york-state/new-york/restaurant/casa-enrique
Peter Luger,2019,40.70986,-73.96263,New York,New York City,11211,Steakhouse,$$$$,https://guide.michelin.com/us/en/new-york-state/new-york/restaurant/peter-luger
Oxomoco,2019,40.730057,-73.95538,New York,New York City,11222,Mexican,$$$,https://guide.michelin.com/us/en/new-york-state/new-york/restaurant/oxomoco
The Finch,2019,40.68704,-73.96297,New York,New York City,11238,American,$$$,https://guide.michelin.com/us/en/new-york-state/new-york/restaurant/the-finch
Faro,2019,40.707584,-73.923035,New York,New York City,11237,American,$$,https://guide.michelin.com/us/en/new-york-state/new-york/restaurant/faro
Senses,2019,52.244583,21.005886,Warszawa,Poland,00 085,Modern cuisine,$$$$$,https://guide.michelin.com/pl/en/masovia/warszawa/restaurant/senses
atelier Amaro,2019,52.21708,21.03768,Warszawa,Poland,00 507,Modern cuisine,$$$$,https://guide.michelin.com/pl/en/masovia/warszawa/restaurant/atelier-amaro
Aniar,2019,53.27112,-9.057078,Gaillimh/Galway,Ireland,N/A,Creative,N/A,https://guide.michelin.com/ie/en/galway/gaillimh-galway/restaurant/aniar
Loam,2019,53.27384,-9.044447,Gaillimh/Galway,Ireland,N/A,Creative,N/A,https://guide.michelin.com/ie/en/galway/gaillimh-galway/restaurant/loam
Wild Honey Inn,2019,53.03151,-9.2911,Lios Dúin Bhearna/Lisdoonvarna,Ireland,N/A,Classic cuisine,N/A,https://guide.michelin.com/ie/en/clare/lios-duin-bhearna-lisdoonvarna/restaurant/wild-honey-inn
Chestnut,2019,51.562588,-9.460854,Ballydehob,Ireland,N/A,Modern cuisine,N/A,https://guide.michelin.com/ie/en/cork/ballydehob/restaurant/chestnut
Mews,2019,51.48285,-9.37234,Baltimore,Ireland,N/A,Modern cuisine,N/A,https://guide.michelin.com/ie/en/cork/ie-baltimore/restaurant/mews
Ichigo Ichie,2019,51.898167,-8.479933,Corcaigh/Cork,Ireland,N/A,Japanese,N/A,https://guide.michelin.com/ie/en/cork/corcaigh-cork/restaurant/ichigo-ichie
Chapter One,2019,53.354374,-6.263786,City Centre,Ireland,D1,Modern cuisine,N/A,https://guide.michelin.com/ie/en/dublin/city-centre/restaurant/chapter-one
Greenhouse,2019,53.340042,-6.258506,City Centre,Ireland,D2,Modern cuisine,N/A,https://guide.michelin.com/ie/en/dublin/city-centre/restaurant/greenhouse
L'Ecrivain,2019,53.33627,-6.24834,City Centre,Ireland,D2,Modern cuisine,N/A,https://guide.michelin.com/ie/en/dublin/city-centre/restaurant/l-ecrivain
Campagne,2019,52.6559,-7.2464285,Cill Chainnigh/Kilkenny,Ireland,N/A,Modern British,N/A,https://guide.michelin.com/ie/en/kilkenny/cill-chainnigh-kilkenny/restaurant/campagne
Heron & Grey,2019,53.30143,-6.177574,Blackrock,Ireland,N/A,Modern cuisine,N/A,https://guide.michelin.com/ie/en/dun-laoghaire-rathdown/blackrock/restaurant/heron-grey
Lady Helen,2019,52.526096,-7.188277,Baile Mhic Andáin/Thomastown,Ireland,N/A,Modern cuisine,N/A,https://guide.michelin.com/ie/en/kilkenny/baile-mhic-andain-thomastown/restaurant/lady-helen
House,2019,51.94777,-7.7135396,Aird Mhór/Ardmore,Ireland,N/A,Modern cuisine,N/A,https://guide.michelin.com/ie/en/waterford/aird-mhor-ardmore/restaurant/house
Olympe,2019,-22.96109,-43.20658,Rio de Janeiro - 22470,Rio de Janeiro,230,French,$$$$$,https://guide.michelin.com/br/en/rio-de-janeiro-region/rio-de-janeiro/restaurant/olympe
Lasai,2019,-22.95401,-43.19557,Rio de Janeiro - 22271,Rio de Janeiro,020,modern,$$$$$,https://guide.michelin.com/br/en/rio-de-janeiro-region/rio-de-janeiro/restaurant/lasai
Oteque,2019,-22.95747,-43.194424,Rio de Janeiro - 22271,Rio de Janeiro,020,modern,$$$$$,https://guide.michelin.com/br/en/rio-de-janeiro-region/rio-de-janeiro/restaurant/oteque
Mee,2019,-22.96764,-43.17925,Rio de Janeiro - 22021,Rio de Janeiro,001,Asian influences,$$$$$,https://guide.michelin.com/br/en/rio-de-janeiro-region/rio-de-janeiro/restaurant/mee
Cipriani,2019,-22.96755,-43.17901,Rio de Janeiro - 22021,Rio de Janeiro,001,Italian,$$$$$,https://guide.michelin.com/br/en/rio-de-janeiro-region/rio-de-janeiro/restaurant/cipriani
Jun Sakamoto,2019,-23.56318,-46.67737,São Paulo - 05413,Sao Paulo,000,Japanese,$$$$$,https://guide.michelin.com/br/en/sao-paulo-region/sao-paulo/restaurant/jun-sakamoto
Maní,2019,-23.56621,-46.67974,São Paulo - 05415,Sao Paulo,000,creative,$$$$$,https://guide.michelin.com/br/en/sao-paulo-region/sao-paulo/restaurant/mani
Evvai,2019,-23.567078,-46.679146,São Paulo - 05415,Sao Paulo,000,modern,$$$$$,https://guide.michelin.com/br/en/sao-paulo-region/sao-paulo/restaurant/evvai
Picchi,2019,-23.565063,-46.666767,São Paulo - 01426,Sao Paulo,001,Italian,$$$$$,https://guide.michelin.com/br/en/sao-paulo-region/sao-paulo/restaurant/picchi
Kosushi,2019,-23.58522,-46.6809,São Paulo - 04538,Sao Paulo,110,Japanese,$$$,https://guide.michelin.com/br/en/sao-paulo-region/sao-paulo/restaurant/kosushi
Ryo Gastronomia,2019,-23.58132,-46.6767,São Paulo - 04531,Sao Paulo,001,Japanese,$$$$$,https://guide.michelin.com/br/en/sao-paulo-region/sao-paulo/restaurant/ryo-gastronomia
Tangará Jean-Georges,2019,-23.634005,-46.72428,São Paulo - 05706,Sao Paulo,290,modern,$$$$$,https://guide.michelin.com/br/en/sao-paulo-region/sao-paulo/restaurant/tangara-jean-georges
Kinoshita,2019,-23.59159,-46.67146,São Paulo - 04509,Sao Paulo,001,Japanese,$$$$$,https://guide.michelin.com/br/en/sao-paulo-region/sao-paulo/restaurant/kinoshita
Kan Suke,2019,-23.5684,-46.64936,São Paulo - 01401,Sao Paulo,000,Japanese,$$$$$,https://guide.michelin.com/br/en/sao-paulo-region/sao-paulo/restaurant/kan-suke
Huto,2019,-23.60882,-46.6598,São Paulo - 04080,Sao Paulo,004,Japanese,$$$$$,https://guide.michelin.com/br/en/sao-paulo-region/sao-paulo/restaurant/huto
Stay,2019,37.513004,127.10257,Seoul,South Korea,N/A,French contemporary,$$$,https://guide.michelin.com/kr/en/seoul-capital-area/kr-seoul/restaurant/stay
Lee Jong Kuk 104,2019,37.592903,126.997284,Seoul,South Korea,N/A,Korean,$$$$,https://guide.michelin.com/kr/en/seoul-capital-area/kr-seoul/restaurant/lee-jong-kuk-104
Hansikgonggan,2019,37.577705,126.98852,Seoul,South Korea,N/A,Korean,$$$,https://guide.michelin.com/kr/en/seoul-capital-area/kr-seoul/restaurant/hansikgonggan
Dining in Space,2019,37.57761,126.98845,Seoul,South Korea,N/A,French contemporary,$$$,https://guide.michelin.com/kr/en/seoul-capital-area/kr-seoul/restaurant/dining-in-space
Exquisine,2019,37.521046,127.049736,Seoul,South Korea,N/A,Innovative,$$$,https://guide.michelin.com/kr/en/seoul-capital-area/kr-seoul/restaurant/exquisine
Dosa,2019,37.52445,127.04441,Seoul,South Korea,N/A,Innovative,$$$,https://guide.michelin.com/kr/en/seoul-capital-area/kr-seoul/restaurant/dosa511871
Joo Ok,2019,37.52252,127.04396,Seoul,South Korea,N/A,Korean contemporary,$$$,https://guide.michelin.com/kr/en/seoul-capital-area/kr-seoul/restaurant/joo-ok
Balwoo Gongyang,2019,37.57389,126.98318,Seoul,South Korea,N/A,Temple cuisine,$$,https://guide.michelin.com/kr/en/seoul-capital-area/kr-seoul/restaurant/balwoo-gongyang
Muoki,2019,37.518963,127.04217,Seoul,South Korea,N/A,Innovative,$$$,https://guide.michelin.com/kr/en/seoul-capital-area/kr-seoul/restaurant/muoki
L'Amitié,2019,37.522675,127.032646,Seoul,South Korea,N/A,French,$$$,https://guide.michelin.com/kr/en/seoul-capital-area/kr-seoul/restaurant/l-amitie
Yu Yuan,2019,37.57045,126.97534,Seoul,South Korea,N/A,Chinese,$$$,https://guide.michelin.com/kr/en/seoul-capital-area/kr-seoul/restaurant/yu-yuan
Bicena,2019,37.5384,127.00135,Seoul,South Korea,N/A,Korean,$$$,https://guide.michelin.com/kr/en/seoul-capital-area/kr-seoul/restaurant/bicena
Mosu,2019,37.536415,126.99934,Seoul,South Korea,N/A,Innovative,$$$$$,https://guide.michelin.com/kr/en/seoul-capital-area/kr-seoul/restaurant/mosu
Poom,2019,37.54903,126.98341,Seoul,South Korea,N/A,Korean,$$$,https://guide.michelin.com/kr/en/seoul-capital-area/kr-seoul/restaurant/poom
Soigné,2019,37.49816,127.002,Seoul,South Korea,N/A,Innovative,$$$,https://guide.michelin.com/kr/en/seoul-capital-area/kr-seoul/restaurant/soigne
Table for Four,2019,37.49769,126.99442,Seoul,South Korea,N/A,European contemporary,$$$,https://guide.michelin.com/kr/en/seoul-capital-area/kr-seoul/restaurant/table-for-four
Zero Complex,2019,37.49417,126.9948,Seoul,South Korea,N/A,Innovative,$$$,https://guide.michelin.com/kr/en/seoul-capital-area/kr-seoul/restaurant/zero-complex
Jin Jin,2019,37.55777,126.91324,Seoul,South Korea,N/A,Chinese,$,https://guide.michelin.com/kr/en/seoul-capital-area/kr-seoul/restaurant/jin-jin
Gotgan,2019,37.52212,126.92022,Seoul,South Korea,N/A,Korean,$$$$,https://guide.michelin.com/kr/en/seoul-capital-area/kr-seoul/restaurant/gotgan
Hill Street Tai Hwa Pork Noodle,2018,1.3052,103.8624,Singapore,Singapore,N/A,Street Food,$,https://guide.michelin.com/sg/en/singapore-region/singapore/restaurant/hill-street-tai-hwa-pork-noodle
Putien (Kitchener Road),2018,1.30969,103.8573,Singapore,Singapore,N/A,Fujian,$,https://guide.michelin.com/sg/en/singapore-region/singapore/restaurant/putien-kitchener-road
Chef Kang's,2018,1.304735,103.84955,Singapore,Singapore,N/A,Cantonese,$$$,https://guide.michelin.com/sg/en/singapore-region/singapore/restaurant/chef-kang-s
Garibaldi,2018,1.296564,103.855,Singapore,Singapore,N/A,Italian,$,https://guide.michelin.com/sg/en/singapore-region/singapore/restaurant/garibaldi
Summer Pavilion,2018,1.291284,103.8603,Singapore,Singapore,N/A,Cantonese,$$,https://guide.michelin.com/sg/en/singapore-region/singapore/restaurant/summer-pavilion
Shinji (Bras Basah Road),2018,1.2959028,103.8539,Singapore,Singapore,N/A,Sushi,$$,https://guide.michelin.com/sg/en/singapore-region/singapore/restaurant/shinji-bras-basah-road
The Song of India,2018,1.310767,103.8353,Singapore,Singapore,N/A,Indian,$,https://guide.michelin.com/sg/en/singapore-region/singapore/restaurant/the-song-of-india
Lei Garden,2018,1.295228,103.8521,Singapore,Singapore,N/A,Cantonese,$,https://guide.michelin.com/sg/en/singapore-region/singapore/restaurant/lei-garden501509
Whitegrass,2018,1.295452,103.8516,Singapore,Singapore,N/A,Australian,$$,https://guide.michelin.com/sg/en/singapore-region/singapore/restaurant/whitegrass
Jaan,2018,1.293184,103.8529,Singapore,Singapore,N/A,French contemporary,$$$,https://guide.michelin.com/sg/en/singapore-region/singapore/restaurant/jaan
Labyrinth,2018,1.2899688,103.8562,Singapore,Singapore,N/A,Innovative,$$,https://guide.michelin.com/sg/en/singapore-region/singapore/restaurant/labyrinth
Cut,2018,1.2853268,103.8607,Singapore,Singapore,N/A,Steakhouse,$$$,https://guide.michelin.com/sg/en/singapore-region/singapore/restaurant/cut
Alma,2018,1.309123,103.834,Singapore,Singapore,N/A,European contemporary,$,https://guide.michelin.com/sg/en/singapore-region/singapore/restaurant/alma
Béni,2018,1.302379,103.8366,Singapore,Singapore,N/A,French contemporary,$$,https://guide.michelin.com/sg/en/singapore-region/singapore/restaurant/beni
Crystal Jade Golden Palace,2018,1.303244,103.8353,Singapore,Singapore,N/A,Chinese,$,https://guide.michelin.com/sg/en/singapore-region/singapore/restaurant/crystal-jade-golden-palace
Imperial Treasure Fine Teochew Cuisine (Orchard),2018,1.3032448,103.8349,Singapore,Singapore,N/A,Chinese,$,https://guide.michelin.com/sg/en/singapore-region/singapore/restaurant/imperial-treasure-fine-teochew-cuisine-orchard
Saint Pierre,2018,1.285781,103.8538,Singapore,Singapore,N/A,French contemporary,$$,https://guide.michelin.com/sg/en/singapore-region/singapore/restaurant/saint-pierre
Sushi Ichi,2018,1.305105,103.8324,Singapore,Singapore,N/A,Sushi,$$$,https://guide.michelin.com/sg/en/singapore-region/singapore/restaurant/sushi-ichi
Sushi Kimura,2018,1.3063719,103.829475,Singapore,Singapore,N/A,Sushi,$$$$,https://guide.michelin.com/sg/en/singapore-region/singapore/restaurant/sushi-kimura
Iggy's,2018,1.305986,103.8294,Singapore,Singapore,N/A,European contemporary,$$$,https://guide.michelin.com/sg/en/singapore-region/singapore/restaurant/iggy-s
Braci,2018,1.287212,103.84949,Singapore,Singapore,N/A,Italian contemporary,$$,https://guide.michelin.com/sg/en/singapore-region/singapore/restaurant/braci
Jiang-Nan Chun,2018,1.304937,103.8288,Singapore,Singapore,N/A,Cantonese,$$$,https://guide.michelin.com/sg/en/singapore-region/singapore/restaurant/jiang-nan-chun
Bacchanalia,2018,1.2874758,103.8474,Singapore,Singapore,N/A,Innovative,$$,https://guide.michelin.com/sg/en/singapore-region/singapore/restaurant/bacchanalia
Shinji (Tanglin Road),2018,1.305821,103.8257,Singapore,Singapore,N/A,Sushi,$$$$,https://guide.michelin.com/sg/en/singapore-region/singapore/restaurant/shinji-tanglin-road
Corner House,2018,1.315121,103.8154,Singapore,Singapore,N/A,Innovative,$$,https://guide.michelin.com/sg/en/singapore-region/singapore/restaurant/corner-house
Summer Palace,2018,1.3043848,103.825,Singapore,Singapore,N/A,Cantonese,$,https://guide.michelin.com/sg/en/singapore-region/singapore/restaurant/summer-palace501658
Cheek by Jowl,2018,1.281301,103.84849,Singapore,Singapore,N/A,Australian,$,https://guide.michelin.com/sg/en/singapore-region/singapore/restaurant/cheek-by-jowl
Nouri,2018,1.28086,103.84713,Singapore,Singapore,N/A,Innovative,$,https://guide.michelin.com/sg/en/singapore-region/singapore/restaurant/nouri
Liao Fan Hong Kong Soya Sauce Chicken Rice & Noodle,2018,1.28248,103.8439,Singapore,Singapore,N/A,Street Food,$,https://guide.michelin.com/sg/en/singapore-region/singapore/restaurant/liao-fan-hong-kong-soya-sauce-chicken-rice-noodle
Burnt Ends,2018,1.280501,103.8418,Singapore,Singapore,N/A,Barbecue,$$,https://guide.michelin.com/sg/en/singapore-region/singapore/restaurant/burnt-ends
Rhubarb,2018,1.279368,103.843,Singapore,Singapore,N/A,French contemporary,$,https://guide.michelin.com/sg/en/singapore-region/singapore/restaurant/rhubarb
Meta,2018,1.279372,103.8415,Singapore,Singapore,N/A,Innovative,$$,https://guide.michelin.com/sg/en/singapore-region/singapore/restaurant/meta
Ma Cuisine,2018,1.27826,103.842,Singapore,Singapore,N/A,French,$,https://guide.michelin.com/sg/en/singapore-region/singapore/restaurant/ma-cuisine
Candlenut,2018,1.2797709,103.8402,Singapore,Singapore,N/A,Peranakan,$,https://guide.michelin.com/sg/en/singapore-region/singapore/restaurant/candlenut
Bhoga,2019,57.70618,11.9624,Göteborg,Sweden,411 14,Creative,$$$,https://guide.michelin.com/se/en/vastra-gotaland/goteborg/restaurant/bhoga
Koka,2019,57.698406,11.965365,Göteborg,Sweden,411 25,Modern cuisine,$$$,https://guide.michelin.com/se/en/vastra-gotaland/goteborg/restaurant/koka
28+,2019,57.69809,11.97377,Göteborg,Sweden,411 34,Modern cuisine,$$$,https://guide.michelin.com/se/en/vastra-gotaland/goteborg/restaurant/28
SK Mat & Människor,2019,57.69688,11.98338,Göteborg,Sweden,412 55,Modern cuisine,$$$,https://guide.michelin.com/se/en/vastra-gotaland/goteborg/restaurant/sk-mat-manniskor
Thörnströms Kök,2019,57.69437,11.977609,Göteborg,Sweden,411 32,Classic cuisine,$$$,https://guide.michelin.com/se/en/vastra-gotaland/goteborg/restaurant/thornstroms-kok
Upper House,2019,57.69745,11.99021,Göteborg,Sweden,402 26,Creative,$$$$,https://guide.michelin.com/se/en/vastra-gotaland/goteborg/restaurant/upper-house
Agrikultur,2019,59.34777,18.05863,Stockholm,Sweden,113 54,Modern cuisine,$$$$,https://guide.michelin.com/se/en/stockholm-region/stockholm/restaurant/agrikultur
Sushi Sho,2019,59.341286,18.049892,Stockholm,Sweden,113 28,Japanese,$$$,https://guide.michelin.com/se/en/stockholm-region/stockholm/restaurant/sushi-sho
Volt,2019,59.33867,18.079683,Stockholm,Sweden,114 48,Creative,$$$,https://guide.michelin.com/se/en/stockholm-region/stockholm/restaurant/volt
Ekstedt,2019,59.33674,18.07521,Stockholm,Sweden,11446,Meats and grills,$$$,https://guide.michelin.com/se/en/stockholm-region/stockholm/restaurant/ekstedt
Operakällaren,2019,59.329876,18.071363,Stockholm,Sweden,111 86,Classic cuisine,$$$$,https://guide.michelin.com/se/en/stockholm-region/stockholm/restaurant/operakallaren
Mathias Dahlgren-Matbaren,2019,59.32935,18.07543,Stockholm,Sweden,103 27,Modern cuisine,$$,https://guide.michelin.com/se/en/stockholm-region/stockholm/restaurant/mathias-dahlgren-matbaren
Aloë,2019,59.2842,17.985748,Stockholm,Sweden,125 33,Creative,$$$$,https://guide.michelin.com/se/en/stockholm-region/stockholm/restaurant/aloe
PM & Vänner,2019,56.87892,14.80387,Växjö,Sweden,352 31,Creative,$$$,https://guide.michelin.com/se/en/kronoberg/vaxjo/restaurant/pm-vanner
Bloom in the Park,2019,55.59064,12.99794,Malmö,Sweden,214 66,Creative,$$,https://guide.michelin.com/se/en/skane/malmo/restaurant/bloom-in-the-park
SAV,2019,55.53376,13.00537,Malmö,Sweden,21875,Creative,$$$,https://guide.michelin.com/se/en/skane/malmo/restaurant/sav
Golden Formosa,2019,25.118216,121.53623,Taipei,Taipei,110,Taiwanese,$$,https://guide.michelin.com/tw/en/taipei-region/taipei/restaurant/golden-formosa
Danny's Steakhouse,2019,25.082657,121.552765,Taipei,Taipei,110,Steakhouse,$$,https://guide.michelin.com/tw/en/taipei-region/taipei/restaurant/danny-s-steakhouse
L'Atelier de Joël Robuchon,2019,25.039188,121.56771,Taipei,Taipei,110,French contemporary,$$$,https://guide.michelin.com/tw/en/taipei-region/taipei/restaurant/l-atelier-de-joel-robuchon550759
Kitcho,2019,25.04429,121.55076,Taipei,Taipei,110,Sushi,$$$$,https://guide.michelin.com/tw/en/taipei-region/taipei/restaurant/kitcho
Tien Hsiang Lo,2019,25.062696,121.529976,Taipei,Taipei,110,Hang Zhou,$$,https://guide.michelin.com/tw/en/taipei-region/taipei/restaurant/tien-hsiang-lo
Ya Ge,2019,25.06625,121.52533,Taipei,Taipei,110,Cantonese,$$,https://guide.michelin.com/tw/en/taipei-region/taipei/restaurant/ya-ge
Da-Wan,2019,25.043018,121.55019,Taipei,Taipei,110,Barbecue,$$$,https://guide.michelin.com/tw/en/taipei-region/taipei/restaurant/da-wan
Sushi Nomura,2019,25.03618,121.55465,Taipei,Taipei,110,Sushi,$$$,https://guide.michelin.com/tw/en/taipei-region/taipei/restaurant/sushi-nomura
logy,2019,25.03561,121.55323,Taipei,Taipei,110,Asian contemporary,$$$$,https://guide.michelin.com/tw/en/taipei-region/taipei/restaurant/logy
Ming Fu,2019,25.06171,121.52399,Taipei,Taipei,110,Taiwanese,$$$,https://guide.michelin.com/tw/en/taipei-region/taipei/restaurant/ming-fu
Ken An Ho,2019,25.034622,121.55281,Taipei,Taipei,110,Japanese,$$$$,https://guide.michelin.com/tw/en/taipei-region/taipei/restaurant/ken-an-ho
Sushi Ryu,2019,25.055832,121.52724,Taipei,Taipei,110,Sushi,$$$$,https://guide.michelin.com/tw/en/taipei-region/taipei/restaurant/sushi-ryu
MUME,2019,25.036266,121.54809,Taipei,Taipei,110,European contemporary,$$$,https://guide.michelin.com/tw/en/taipei-region/taipei/restaurant/mume
Impromptu by Paul Lee,2019,25.05429,121.524254,Taipei,Taipei,110,Innovative,$$$,https://guide.michelin.com/tw/en/taipei-region/taipei/restaurant/impromptu-by-paul-lee
Longtail,2019,25.023922,121.54841,Taipei,Taipei,110,Innovative,$$,https://guide.michelin.com/tw/en/taipei-region/taipei/restaurant/longtail
Mountain and Sea House,2019,25.038046,121.531395,Taipei,Taipei,110,Taiwanese,$$,https://guide.michelin.com/tw/en/taipei-region/taipei/restaurant/mountain-and-sea-house
Da San Yuan,2019,25.042248,121.512215,Taipei,Taipei,110,Cantonese,$,https://guide.michelin.com/tw/en/taipei-region/taipei/restaurant/da-san-yuan
Tainan Tan Tsu Mien Seafood,2019,25.03799,121.4984,Taipei,Taipei,110,Seafood,$$,https://guide.michelin.com/tw/en/taipei-region/taipei/restaurant/tainan-tan-tsu-mien-seafood
Suan Thip,2019,13.926962,100.502144,Bangkok,Thailand,N/A,Thai,$,https://guide.michelin.com/th/en/bangkok-region/bangkok/restaurant/suan-thip
Upstairs at Mikkeller,2019,13.727946,100.58844,Bangkok,Thailand,N/A,Innovative,$$$$$,https://guide.michelin.com/th/en/bangkok-region/bangkok/restaurant/upstairs-at-mikkeller
Chim by Siam Wisdom,2019,13.740706,100.56789,Bangkok,Thailand,N/A,Thai,$$$,https://guide.michelin.com/th/en/bangkok-region/bangkok/restaurant/chim-by-siam-wisdom
R-Haan,2019,13.731805,100.57972,Bangkok,Thailand,N/A,Thai,$$$$,https://guide.michelin.com/th/en/bangkok-region/bangkok/restaurant/r-haan
Canvas,2019,13.728886,100.580826,Bangkok,Thailand,N/A,Innovative,$$$$,https://guide.michelin.com/th/en/bangkok-region/bangkok/restaurant/canvas566292
Bo.lan,2019,13.726389,100.57799,Bangkok,Thailand,N/A,Thai,$$$$$,https://guide.michelin.com/th/en/bangkok-region/bangkok/restaurant/bo-lan
Sra Bua by Kiin Kiin,2019,13.754137,100.53451,Bangkok,Thailand,N/A,Thai Contemporary,$$$,https://guide.michelin.com/th/en/bangkok-region/bangkok/restaurant/sra-bua-by-kiin-kiin
Elements,2019,13.742978,100.54798,Bangkok,Thailand,N/A,French contemporary,$$$$,https://guide.michelin.com/th/en/bangkok-region/bangkok/restaurant/elements
Paste,2019,13.744594,100.540565,Bangkok,Thailand,N/A,Thai,$$$,https://guide.michelin.com/th/en/bangkok-region/bangkok/restaurant/paste
Ginza Sushi ichi,2019,13.744069,100.54092,Bangkok,Thailand,N/A,Sushi,$$$$,https://guide.michelin.com/th/en/bangkok-region/bangkok/restaurant/ginza-sushi-ichi
Sorn,2019,13.723242,100.56848,Bangkok,Thailand,N/A,Southern Thai,$$$$$,https://guide.michelin.com/th/en/bangkok-region/bangkok/restaurant/sorn
Savelberg,2019,13.738216,100.54642,Bangkok,Thailand,N/A,French contemporary,$$$,https://guide.michelin.com/th/en/bangkok-region/bangkok/restaurant/savelberg
Saneh Jaan,2019,13.735739,100.54605,Bangkok,Thailand,N/A,Thai,$$,https://guide.michelin.com/th/en/bangkok-region/bangkok/restaurant/saneh-jaan
Gaa,2019,13.737806,100.54275,Bangkok,Thailand,N/A,Innovative,$$$$,https://guide.michelin.com/th/en/bangkok-region/bangkok/restaurant/gaa
Methavalai Sorndaeng,2019,13.756321,100.502045,Bangkok,Thailand,N/A,Thai,$$,https://guide.michelin.com/th/en/bangkok-region/bangkok/restaurant/methavalai-sorndaeng
Jay Fai,2019,13.752614,100.50466,Bangkok,Thailand,N/A,Street Food,$$,https://guide.michelin.com/th/en/bangkok-region/bangkok/restaurant/jay-fai
Nahm,2019,13.724357,100.53926,Bangkok,Thailand,N/A,Thai,$$$,https://guide.michelin.com/th/en/bangkok-region/bangkok/restaurant/nahm
J'AIME by Jean-Michel Lorain,2019,13.718885,100.546326,Bangkok,Thailand,N/A,French contemporary,$$$,https://guide.michelin.com/th/en/bangkok-region/bangkok/restaurant/j-aime-by-jean-michel-lorain
Saawaan,2019,13.721809,100.53741,Bangkok,Thailand,N/A,Thai Contemporary,$$$$,https://guide.michelin.com/th/en/bangkok-region/bangkok/restaurant/saawaan
Le Du,2019,13.725005,100.52939,Bangkok,Thailand,N/A,Thai,$$$$,https://guide.michelin.com/th/en/bangkok-region/bangkok/restaurant/le-du
Ruean Panya,2019,13.558403,100.28264,Bangkok,Thailand,N/A,Thai,$$,https://guide.michelin.com/th/en/bangkok-region/bangkok/restaurant/ruean-panya
PRU,2019,8.034298,98.2764,Phuket,Thailand,N/A,Innovative,$$$$$,https://guide.michelin.com/th/en/phuket-region/phuket/restaurant/pru
Blue Duck Tavern,2019,38.905373,-77.05128,"Washington, D.C.",Washington DC,20037,American,$$$,https://guide.michelin.com/us/en/washington/washington-dc/restaurant/blue-duck-tavern
Tail Up Goat,2019,38.9235,-77.043274,"Washington, D.C.",Washington DC,20009,Contemporary,$$,https://guide.michelin.com/us/en/washington/washington-dc/restaurant/tail-up-goat
Komi,2019,38.910107,-77.03836,"Washington, D.C.",Washington DC,20036,Mediterranean,$$$$,https://guide.michelin.com/us/en/washington/washington-dc/restaurant/komi
Sushi Taro,2019,38.909992,-77.03834,"Washington, D.C.",Washington DC,20036,Japanese,$$$$,https://guide.michelin.com/us/en/washington/washington-dc/restaurant/sushi-taro
Plume,2019,38.906,-77.03671,"Washington, D.C.",Washington DC,20036,European,$$$$,https://guide.michelin.com/us/en/washington/washington-dc/restaurant/plume
Siren by RW,2019,38.907776,-77.035446,"Washington, D.C.",Washington DC,20005,Seafood,$$$,https://guide.michelin.com/us/en/washington/washington-dc/restaurant/siren-by-rw
Bresca,2019,38.91584,-77.0321,"Washington, D.C.",Washington DC,20000,Contemporary,$$,https://guide.michelin.com/us/en/washington/washington-dc/restaurant/bresca
The Dabney,2019,38.906292,-77.024666,"Washington, D.C.",Washington DC,20001,American,$$,https://guide.michelin.com/us/en/washington/washington-dc/restaurant/the-dabney
Métier,2019,38.903503,-77.0218,"Washington, D.C.",Washington DC,20001,Contemporary,$$$$,https://guide.michelin.com/us/en/washington/washington-dc/restaurant/metier
Kinship,2019,38.903282,-77.0218,"Washington, D.C.",Washington DC,20001,Contemporary,$$$,https://guide.michelin.com/us/en/washington/washington-dc/restaurant/kinship
Fiola,2019,38.89416,-77.02032,"Washington, D.C.",Washington DC,20004,Italian,$$$$,https://guide.michelin.com/us/en/washington/washington-dc/restaurant/fiola
Masseria,2019,38.909504,-76.99908,"Washington, D.C.",Washington DC,20002,Italian,$$$,https://guide.michelin.com/us/en/washington/washington-dc/restaurant/masseria
Rose's Luxury,2019,38.88064,-76.99515,"Washington, D.C.",Washington DC,20003,Contemporary,$$,https://guide.michelin.com/us/en/washington/washington-dc/restaurant/rose-s-luxury
Loch Bay,2019,57.51487,-6.57114,Waternish,United Kingdom,IV55 8GA,Modern cuisine,N/A,https://guide.michelin.com/gb/en/highland/waternish/restaurant/loch-bay
Braidwoods,2019,55.69474,-4.7425,Dalry,United Kingdom,KA24 4LN,Classic cuisine,N/A,https://guide.michelin.com/gb/en/north-ayrshire/dalry/restaurant/braidwoods
Eipic,2019,54.595898,-5.9322424,Belfast,United Kingdom,BT1 6PF,Modern cuisine,N/A,https://guide.michelin.com/gb/en/belfast/belfast/restaurant/eipic
OX,2019,54.59891,-5.92198,Belfast,United Kingdom,BT1 3LA,Modern British,N/A,https://guide.michelin.com/gb/en/belfast/belfast/restaurant/ox399109
The Peat Inn,2019,56.27861,-2.8845797,Peat Inn,United Kingdom,KY15 5LH,Classic cuisine,N/A,https://guide.michelin.com/gb/en/fife/peat-inn/restaurant/the-peat-inn
Kitchin,2019,55.976967,-3.172842,Leith,United Kingdom,EH6 6LX,Modern cuisine,N/A,https://guide.michelin.com/gb/en/city-of-edinburgh/leith/restaurant/kitchin
Martin Wishart,2019,55.97552,-3.17019,Leith,United Kingdom,EH6 6RA,Modern cuisine,N/A,https://guide.michelin.com/gb/en/city-of-edinburgh/leith/restaurant/martin-wishart
Number One,2019,55.95298,-3.18966,Edinburgh,United Kingdom,EH2 2EQ,Modern cuisine,N/A,https://guide.michelin.com/gb/en/city-of-edinburgh/edinburgh/restaurant/number-one
21212,2019,55.95674,-3.18018,Edinburgh,United Kingdom,EH7 5AB,Creative,N/A,https://guide.michelin.com/gb/en/city-of-edinburgh/edinburgh/restaurant/21212
The Cellar,2019,56.222126,-2.696321,Anstruther,United Kingdom,KY10 3AA,Modern cuisine,N/A,https://guide.michelin.com/gb/en/fife/anstruther/restaurant/the-cellar
Forest Side,2019,54.46396,-3.0157998,Grasmere,United Kingdom,LA22 9RN,Modern British,N/A,https://guide.michelin.com/gb/en/cumbria/grasmere/restaurant/forest-side
HRiSHi,2019,54.35013,-2.91172,Bowness-on-Windermere,United Kingdom,LA23 3NE,Modern cuisine,N/A,https://guide.michelin.com/gb/en/cumbria/bowness-on-windermere/restaurant/hrishi
Rogan & Co,2019,54.20074,-2.95464,Cartmel,United Kingdom,LA11 6QD,Creative British,N/A,https://guide.michelin.com/gb/en/cumbria/cartmel/restaurant/rogan-co
House of Tides,2019,54.96758,-1.61127,Newcastle upon Tyne,United Kingdom,NE1 3RF,Modern cuisine,N/A,https://guide.michelin.com/gb/en/tyne-and-wear/newcastle-upon-tyne/restaurant/house-of-tides
Sosban & The Old Butchers,2019,53.225925,-4.163006,Menai Bridge/Porthaethwy,United Kingdom,LL59 5EE,Modern cuisine,N/A,https://guide.michelin.com/gb/en/isle-of-anglesey/menai-bridge-porthaethwy/restaurant/sosban-the-old-butchers
Northcote,2019,53.80933,-2.4476,Langho,United Kingdom,BB6 8BE,Modern British,N/A,https://guide.michelin.com/gb/en/lancashire/langho/restaurant/northcote
Yorke Arms,2019,54.13435,-1.8183095,Pateley Bridge,United Kingdom,HG3 5RL,Modern cuisine,N/A,https://guide.michelin.com/gb/en/north-yorkshire/pateley-bridge/restaurant/yorke-arms
Fraiche,2019,53.38183,-3.04307,Birkenhead,United Kingdom,CH43 5SG,Creative,N/A,https://guide.michelin.com/gb/en/merseyside/birkenhead/restaurant/fraiche
White Swan,2019,53.83916,-2.25097,Fence,United Kingdom,BB12 9QA,Modern British,N/A,https://guide.michelin.com/gb/en/lancashire/fence/restaurant/white-swan
Tyddyn Llan,2019,52.92405,-3.44329,Llandrillo,United Kingdom,LL21 OST,Classic cuisine,N/A,https://guide.michelin.com/gb/en/denbighshire/llandrillo/restaurant/tyddyn-llan
Ynyshir,2019,52.54476,-3.94491,Machynlleth,United Kingdom,SY20 8TA,Creative,N/A,https://guide.michelin.com/gb/en/ceredigion/machynlleth/restaurant/ynyshir
Black Swan,2019,54.21205,-1.1879199,Oldstead,United Kingdom,YO61 4BL,Modern British,N/A,https://guide.michelin.com/gb/en/north-yorkshire/oldstead/restaurant/black-swan
Simon Radley at Chester Grosvenor,2019,53.19064,-2.88913,Chester,United Kingdom,CH1 1LT,Modern cuisine,N/A,https://guide.michelin.com/gb/en/cheshire-west-and-chester/chester/restaurant/simon-radley-at-chester-grosvenor
Star Inn at Harome,2019,54.23101,-1.01023,Harome,United Kingdom,YO62 5JE,Modern British,N/A,https://guide.michelin.com/gb/en/north-yorkshire/harome/restaurant/star-inn-at-harome
The Man Behind The Curtain,2019,53.798286,-1.539937,Leeds,United Kingdom,LS1 7JH,Creative,N/A,https://guide.michelin.com/gb/en/kent/leeds/restaurant/the-man-behind-the-curtain
The Checkers,2019,52.55568,-3.13769,Montgomery/Trefaldwyn,United Kingdom,SY15 6PN,French,N/A,https://guide.michelin.com/gb/en/powys/montgomery-trefaldwyn/restaurant/the-checkers
Pipe and Glass,2019,53.8955,-0.53301,South Dalton,United Kingdom,HU17 7PN,Modern British,N/A,https://guide.michelin.com/gb/en/east-riding-of-yorkshire/south-dalton/restaurant/pipe-and-glass
Fischer's at Baslow Hall,2019,53.25055,-1.6269798,Baslow,United Kingdom,DE45 1RR,Modern cuisine,N/A,https://guide.michelin.com/gb/en/derbyshire/baslow/restaurant/fischer-s-at-baslow-hall
Winteringham Fields,2019,53.68778,-0.59013,Winteringham,United Kingdom,DN15 9ND,Modern cuisine,N/A,https://guide.michelin.com/gb/en/north-lincolnshire/winteringham/restaurant/winteringham-fields
Thomas Carr @ The Olive Room,2019,51.209476,-4.118807,Ilfracombe,United Kingdom,EX34 9DJ,Seafood,N/A,https://guide.michelin.com/gb/en/devon/ilfracombe/restaurant/thomas-carr-the-olive-room
Walnut Tree,2019,51.84534,-2.95438,Llanddewi Skirrid,United Kingdom,NP7 8AW,Modern British,N/A,https://guide.michelin.com/gb/en/monmouthshire/llanddewi-skirrid/restaurant/walnut-tree
Paul Ainsworth at No.6,2019,50.541534,-4.9398518,Padstow,United Kingdom,PL28 8AP,Modern cuisine,N/A,https://guide.michelin.com/gb/en/cornwall/padstow/restaurant/paul-ainsworth-at-no-6
Simpsons,2019,52.46925,-1.9238801,Birmingham,United Kingdom,B15 3DU,Modern cuisine,N/A,https://guide.michelin.com/gb/en/west-midlands/birmingham/restaurant/simpsons
Purnell's,2019,52.48268,-1.9018,Birmingham,United Kingdom,B3 2DH,Modern cuisine,N/A,https://guide.michelin.com/gb/en/west-midlands/birmingham/restaurant/purnell-s
Adam's,2019,52.47964,-1.900286,Birmingham,United Kingdom,B2 5UG,Modern cuisine,N/A,https://guide.michelin.com/gb/en/west-midlands/birmingham/restaurant/adam-s
Outlaw's Fish Kitchen,2019,50.59206,-4.832,Port Isaac,United Kingdom,PL29 3RH,Seafood,N/A,https://guide.michelin.com/gb/en/cornwall/port-isaac/restaurant/outlaw-s-fish-kitchen
Carters of Moseley,2019,52.44588,-1.88384,Birmingham,United Kingdom,B13 9EZ,Modern British,N/A,https://guide.michelin.com/gb/en/west-midlands/birmingham/restaurant/carters-of-moseley
Peel's,2019,52.4259,-1.70536,Hampton in Arden,United Kingdom,B92 ODQ,Creative British,N/A,https://guide.michelin.com/gb/en/west-midlands/hampton-in-arden/restaurant/peel-s
John's House,2019,52.73295,-1.145851,Mountsorrel,United Kingdom,LE12 7AR,Modern cuisine,N/A,https://guide.michelin.com/gb/en/leicestershire/mountsorrel/restaurant/john-s-house
The Whitebrook,2019,51.759697,-2.686909,Whitebrook,United Kingdom,NP25 4TX,Modern British,N/A,https://guide.michelin.com/gb/en/monmouthshire/whitebrook/restaurant/the-whitebrook
James Sommerin,2019,51.434387,-3.167951,Penarth,United Kingdom,CF64 3AU,Modern cuisine,N/A,https://guide.michelin.com/gb/en/the-vale-of-glamorgan/penarth/restaurant/james-sommerin
Driftwood,2019,50.1889,-4.97088,Portscatho,United Kingdom,TR2 5EW,Modern cuisine,N/A,https://guide.michelin.com/gb/en/cornwall/portscatho/restaurant/driftwood
The Cross at Kenilworth,2019,52.350315,-1.5801147,Kenilworth,United Kingdom,CV8 2EZ,Classic cuisine,N/A,https://guide.michelin.com/gb/en/warwickshire/kenilworth/restaurant/the-cross-at-kenilworth
Masons Arms,2019,50.99547,-3.67163,Knowstone,United Kingdom,EX36 4RY,Classic French,N/A,https://guide.michelin.com/gb/en/devon/knowstone/restaurant/masons-arms
Salt,2019,52.18963,-1.7092043,Stratford-upon-Avon,United Kingdom,CV37 6HB,Modern British,N/A,https://guide.michelin.com/gb/en/warwickshire/stratford-upon-avon/restaurant/salt522869
Le Champignon Sauvage,2019,51.89146,-2.07912,Cheltenham,United Kingdom,GL50 2AQ,Modern cuisine,N/A,https://guide.michelin.com/gb/en/gloucestershire/cheltenham/restaurant/le-champignon-sauvage
Gidleigh Park,2019,50.67658,-3.87354,Chagford,United Kingdom,TQ13 8HH,Modern cuisine,N/A,https://guide.michelin.com/gb/en/devon/chagford/restaurant/gidleigh-park
Hambleton Hall,2019,52.65737,-0.66812,Upper Hambleton,United Kingdom,LE15 8TH,Classic cuisine,N/A,https://guide.michelin.com/gb/en/rutland/upper-hambleton/restaurant/hambleton-hall
wilks,2019,51.46737,-2.6069899,Bristol,United Kingdom,BS6 6PG,Modern British,N/A,https://guide.michelin.com/gb/en/south-gloucestershire/bristol/restaurant/wilks
Bulrush,2019,51.46278,-2.597758,Bristol,United Kingdom,BS6 5TZ,Modern British,N/A,https://guide.michelin.com/gb/en/south-gloucestershire/bristol/restaurant/bulrush
Casamia,2019,51.447254,-2.5940728,Bristol,United Kingdom,BS1 6FU,Creative,N/A,https://guide.michelin.com/gb/en/south-gloucestershire/bristol/restaurant/casamia
Paco Tapas,2019,51.44647,-2.59358,Bristol,United Kingdom,BS1 6FU,Spanish,N/A,https://guide.michelin.com/gb/en/south-gloucestershire/bristol/restaurant/paco-tapas
Pony & Trap,2019,51.34938,-2.5925994,Chew Magna,United Kingdom,BS40 8TQ,Modern British,N/A,https://guide.michelin.com/gb/en/bath-and-north-east-somerset/chew-magna/restaurant/pony-trap
The Dining Room,2019,51.58376,-2.14954,Malmesbury,United Kingdom,SN16 0RB,Asian influences,N/A,https://guide.michelin.com/gb/en/wiltshire/malmesbury/restaurant/the-dining-room193454
Bybrook,2019,51.49382,-2.23212,Castle Combe,United Kingdom,SN14 7HR,Modern British,N/A,https://guide.michelin.com/gb/en/wiltshire/castle-combe/restaurant/bybrook
Restaurant Hywel Jones by Lucknam Park,2019,51.45502,-2.25941,Colerne,United Kingdom,SN14 8AZ,Modern British,N/A,https://guide.michelin.com/gb/en/wiltshire/colerne/restaurant/restaurant-hywel-jones-by-lucknam-park
Olive Tree,2019,51.38707,-2.3627,Bath,United Kingdom,BA1 2QF,Modern cuisine,N/A,https://guide.michelin.com/gb/en/bath-and-north-east-somerset/bath/restaurant/olive-tree
Lympstone Manor,2019,50.64069,-3.4186063,Lympstone,United Kingdom,EX8 3NZ,Modern cuisine,N/A,https://guide.michelin.com/gb/en/devon/lympstone/restaurant/lympstone-manor
The Neptune,2019,52.9511,0.50927,Hunstanton,United Kingdom,PE36 6HZ,Modern cuisine,N/A,https://guide.michelin.com/gb/en/norfolk/hunstanton/restaurant/the-neptune
Elephant,2019,50.45853,-3.52438,Torquay,United Kingdom,TQ1 2BH,Modern British,N/A,https://guide.michelin.com/gb/en/torbay/torquay/restaurant/elephant
Oxford Kitchen,2019,51.776733,-1.264794,Oxford,United Kingdom,OX2 7HQ,Modern British,N/A,https://guide.michelin.com/gb/en/oxfordshire/oxford/restaurant/oxford-kitchen
Nut Tree,2019,51.83618,-1.1499,Murcott,United Kingdom,OX5 2RE,Traditional British,N/A,https://guide.michelin.com/gb/en/oxfordshire/murcott/restaurant/nut-tree
Morston Hall,2019,52.95473,0.98729,Morston,United Kingdom,NR25 7AA,Modern British,N/A,https://guide.michelin.com/gb/en/norfolk/morston/restaurant/morston-hall
Red Lion Freehouse,2019,51.2736,-1.8007996,East Chisenbury,United Kingdom,SN9 6AQ,Classic cuisine,N/A,https://guide.michelin.com/gb/en/wiltshire/east-chisenbury/restaurant/red-lion-freehouse
Blackbird,2019,51.420887,-1.3493549,Newbury,United Kingdom,RG20 8AQ,Classic cuisine,N/A,https://guide.michelin.com/gb/en/west-berkshire/newbury/restaurant/blackbird552018
Woodspeen,2019,51.415802,-1.353532,Newbury,United Kingdom,RG20 8BN,Modern cuisine,N/A,https://guide.michelin.com/gb/en/west-berkshire/newbury/restaurant/woodspeen
The Coach,2019,51.571712,-0.7772678,Marlow,United Kingdom,SL7 2LS,Modern British,N/A,https://guide.michelin.com/gb/en/buckinghamshire/marlow/restaurant/the-coach
Crown,2019,51.524807,-0.7915291,Burchett's Green,United Kingdom,SL6 6QZ,Regional cuisine,N/A,https://guide.michelin.com/gb/en/windsor-and-maidenhead/burchett-s-green/restaurant/crown442549
L'Ortolan,2019,51.40833,-0.9542898,Shinfield,United Kingdom,RG2 9BY,French,N/A,https://guide.michelin.com/gb/en/wokingham/shinfield/restaurant/l-ortolan
Hinds Head,2019,51.51265,-0.69641,Bray,United Kingdom,SL6 2AB,Traditional British,N/A,https://guide.michelin.com/gb/en/buckinghamshire/bray/restaurant/hinds-head
Black Rat,2019,51.05796,-1.3069497,Winchester,United Kingdom,SO23 0HX,Modern cuisine,N/A,https://guide.michelin.com/gb/en/hampshire/winchester/restaurant/black-rat
Matt Worswick at The Latymer,2019,51.35764,-0.7086128,Bagshot,United Kingdom,GU19 5EU,Modern cuisine,N/A,https://guide.michelin.com/gb/en/surrey/bagshot/restaurant/matt-worswick-at-the-latymer
Coworth Park,2019,51.40463,-0.616715,Ascot,United Kingdom,SL5 7SE,Modern cuisine,N/A,https://guide.michelin.com/gb/en/windsor-and-maidenhead/ascot/restaurant/coworth-park
Tudor Room,2019,51.41759,-0.545847,Egham,United Kingdom,TW20 9UR,Modern cuisine,N/A,https://guide.michelin.com/gb/en/surrey/egham/restaurant/tudor-room
The Glasshouse,2019,51.4771,-0.28574,Kew,United Kingdom,TW9 3PZ,Modern cuisine,N/A,https://guide.michelin.com/gb/en/greater-london/kew/restaurant/the-glasshouse
La Trompette,2019,51.49222,-0.25619,Chiswick,United Kingdom,W4 2EU,Modern British,N/A,https://guide.michelin.com/gb/en/greater-london/chiswick/restaurant/la-trompette
Tim Allen's Flitch of Bacon,2019,51.86747,0.404134,Little Dunmow,United Kingdom,CM6 3HT,Modern British,N/A,https://guide.michelin.com/gb/en/essex/little-dunmow/restaurant/tim-allen-s-flitch-of-bacon
River Café,2019,51.48395,-0.22423,Hammersmith,United Kingdom,W6 9HA,Italian,N/A,https://guide.michelin.com/gb/en/greater-london/hammersmith/restaurant/river-cafe
Kitchen W8,2019,51.49918,-0.19692,Kensington,United Kingdom,W8 6AH,Modern cuisine,N/A,https://guide.michelin.com/gb/en/greater-london/kensington/restaurant/kitchen-w8
Trishna,2019,51.51834,-0.153031,Marylebone,United Kingdom,W1U 3DG,Indian,N/A,https://guide.michelin.com/gb/en/greater-london/marylebone/restaurant/trishna
Roganic,2019,51.518314,-0.1520875,Marylebone,United Kingdom,W1U 3DB,Creative British,N/A,https://guide.michelin.com/gb/en/greater-london/marylebone/restaurant/roganic
Locanda Locatelli,2019,51.51514,-0.15675,Marylebone,United Kingdom,W1H 7JZ,Italian,N/A,https://guide.michelin.com/gb/en/greater-london/marylebone/restaurant/locanda-locatelli
Texture,2019,51.51488,-0.15664,Marylebone,United Kingdom,W1H 7BY,Creative,N/A,https://guide.michelin.com/gb/en/greater-london/marylebone/restaurant/texture
Portland,2019,51.519726,-0.142555,Regent's Park,United Kingdom,W1W 6QQ,Modern cuisine,N/A,https://guide.michelin.com/gb/en/greater-london/regent-s-park/restaurant/portland
Harwood Arms,2019,51.48291,-0.19651,Fulham,United Kingdom,SW6 1QP,Modern British,N/A,https://guide.michelin.com/gb/en/greater-london/fulham/restaurant/harwood-arms
Pied à Terre,2019,51.519,-0.13511,Bloomsbury,United Kingdom,W1T 2NH,Creative,N/A,https://guide.michelin.com/gb/en/greater-london/bloomsbury/restaurant/pied-a-terre
The Ninth,2019,51.51875,-0.1350068,Bloomsbury,United Kingdom,W1T 2NB,Mediterranean cuisine,N/A,https://guide.michelin.com/gb/en/greater-london/bloomsbury/restaurant/the-ninth
Kai,2019,51.50871,-0.15162,Mayfair,United Kingdom,W1K 2QU,Chinese,N/A,https://guide.michelin.com/gb/en/greater-london/mayfair/restaurant/kai123638
Pollen Street Social,2019,51.5133,-0.14234,Mayfair,United Kingdom,W1S 1NQ,Creative,N/A,https://guide.michelin.com/gb/en/greater-london/mayfair/restaurant/pollen-street-social
Hakkasan Mayfair,2019,51.51037,-0.14475,Mayfair,United Kingdom,W1J 6QB,Chinese,N/A,https://guide.michelin.com/gb/en/greater-london/mayfair/restaurant/hakkasan-mayfair
The Square,2019,51.51069,-0.14401,Mayfair,United Kingdom,W1J 6PU,Creative French,N/A,https://guide.michelin.com/gb/en/greater-london/mayfair/restaurant/the-square69391
Alyn Williams at The Westbury,2019,51.51118,-0.14303,Mayfair,United Kingdom,W1S 2YF,Modern cuisine,N/A,https://guide.michelin.com/gb/en/greater-london/mayfair/restaurant/alyn-williams-at-the-westbury
Benares,2019,51.50973,-0.14494,Mayfair,United Kingdom,W1J 6BS,Indian,N/A,https://guide.michelin.com/gb/en/greater-london/mayfair/restaurant/benares
Hakkasan Hanway Place,2019,51.5171,-0.13144,Bloomsbury,United Kingdom,W1T 1HD,Chinese,N/A,https://guide.michelin.com/gb/en/greater-london/bloomsbury/restaurant/hakkasan-hanway-place
Social Eating House,2019,51.51383,-0.13673,Soho,United Kingdom,W1F 7NR,Modern cuisine,N/A,https://guide.michelin.com/gb/en/greater-london/soho/restaurant/social-eating-house
Galvin at Windows,2019,51.50539,-0.15039,Mayfair,United Kingdom,W1K 1BE,Modern cuisine,N/A,https://guide.michelin.com/gb/en/greater-london/mayfair/restaurant/galvin-at-windows
Murano,2019,51.50707,-0.14722,Mayfair,United Kingdom,W1J 5PP,Italian,N/A,https://guide.michelin.com/gb/en/greater-london/mayfair/restaurant/murano
Marcus,2019,51.50171,-0.15614,Belgravia,United Kingdom,SW1X 7RL,Modern cuisine,N/A,https://guide.michelin.com/gb/en/greater-london/belgravia/restaurant/marcus
Sabor,2019,51.511368,-0.1396773,Mayfair,United Kingdom,W1B 4BR,Spanish,N/A,https://guide.michelin.com/gb/en/greater-london/mayfair/restaurant/sabor
Clock House,2019,51.30044,-0.49287,Ripley,United Kingdom,GU23 6AQ,Modern cuisine,N/A,https://guide.michelin.com/gb/en/surrey/ripley/restaurant/clock-house
Yauatcha Soho,2019,51.51367,-0.1352,Soho,United Kingdom,W1F 0DL,Chinese,N/A,https://guide.michelin.com/gb/en/greater-london/soho/restaurant/yauatcha-soho
Céleste,2019,51.502422,-0.1522617,Belgravia,United Kingdom,SW1X 7TA,Creative French,N/A,https://guide.michelin.com/gb/en/greater-london/belgravia/restaurant/celeste
Gymkhana,2019,51.50854,-0.14154,Mayfair,United Kingdom,W1S 4JH,Indian,N/A,https://guide.michelin.com/gb/en/greater-london/mayfair/restaurant/gymkhana
Amaya,2019,51.49912,-0.15731,Belgravia,United Kingdom,SW1X 8JT,Indian,N/A,https://guide.michelin.com/gb/en/greater-london/belgravia/restaurant/amaya
Pétrus,2019,51.49951,-0.15662,Belgravia,United Kingdom,SW1X 8EA,French,N/A,https://guide.michelin.com/gb/en/greater-london/belgravia/restaurant/petrus284688
Veeraswamy,2019,51.51008,-0.13809,Mayfair,United Kingdom,W1B 4RS,Indian,N/A,https://guide.michelin.com/gb/en/greater-london/mayfair/restaurant/veeraswamy
Barrafina,2019,51.51375,-0.1318,Soho,United Kingdom,W1D 3LL,Spanish,N/A,https://guide.michelin.com/gb/en/greater-london/soho/restaurant/barrafina
Hide,2019,51.506077,-0.144289,Mayfair,United Kingdom,W1J 7NB,Modern British,N/A,https://guide.michelin.com/gb/en/greater-london/mayfair/restaurant/hide
Ritz Restaurant,2019,51.50728,-0.14141,Westminster,United Kingdom,W1J 9BR,Modern British,N/A,https://guide.michelin.com/gb/en/greater-london/westminster/restaurant/ritz-restaurant
Elystan Street,2019,51.49124,-0.16724,Chelsea,United Kingdom,SW3 3NT,Modern British,N/A,https://guide.michelin.com/gb/en/greater-london/chelsea/restaurant/elystan-street
Seven Park Place,2019,51.50623,-0.13998,Saint James's,United Kingdom,SW1A 1LS,Modern cuisine,N/A,https://guide.michelin.com/gb/en/greater-london/saint-james-s/restaurant/seven-park-place
Ikoyi,2019,51.509212,-0.1334389,Saint James's,United Kingdom,SW1Y 4AH,Creative,N/A,https://guide.michelin.com/gb/en/greater-london/saint-james-s/restaurant/ikoyi
Aquavit,2019,51.508713,-0.1334072,Saint James's,United Kingdom,SW1Y 4QQ,Scandinavian,N/A,https://guide.michelin.com/gb/en/greater-london/saint-james-s/restaurant/aquavit501082
Five Fields,2019,51.49168,-0.16124,Chelsea,United Kingdom,SW3 2SP,Modern cuisine,N/A,https://guide.michelin.com/gb/en/greater-london/chelsea/restaurant/five-fields
Dining Room at The Goring,2019,51.49763,-0.14556,Victoria,United Kingdom,SW1W 0JW,Traditional British,N/A,https://guide.michelin.com/gb/en/greater-london/victoria/restaurant/dining-room-at-the-goring
St John,2019,51.52064,-0.10133,Clerkenwell,United Kingdom,EC1M 4AY,Traditional British,N/A,https://guide.michelin.com/gb/en/greater-london/clerkenwell/restaurant/st-john
Quilon,2019,51.49863,-0.13726,Victoria,United Kingdom,SW1E 6AF,Indian,N/A,https://guide.michelin.com/gb/en/greater-london/victoria/restaurant/quilon
Club Gascon,2019,51.51857,-0.10031,London,United Kingdom,EC1A 9DS,French,N/A,https://guide.michelin.com/gb/en/greater-london/london/restaurant/club-gascon
A. Wong,2019,51.49318,-0.14128,Victoria,United Kingdom,SW1V 1DE,Chinese,N/A,https://guide.michelin.com/gb/en/greater-london/victoria/restaurant/a-wong
The Clove Club,2019,51.52711,-0.07927,Shoreditch,United Kingdom,EC1V 9LT,Modern cuisine,N/A,https://guide.michelin.com/gb/en/greater-london/shoreditch/restaurant/the-clove-club
Leroy,2019,51.524086,-0.0815337,Shoreditch,United Kingdom,EC2A 4NU,Modern British,N/A,https://guide.michelin.com/gb/en/greater-london/shoreditch/restaurant/leroy
Angler,2019,51.51894,-0.08625,Finsbury,United Kingdom,EC2M 2AF,Seafood,N/A,https://guide.michelin.com/gb/en/greater-london/finsbury/restaurant/angler392235
Brat,2019,51.52427,-0.0767681,Shoreditch,United Kingdom,E1 6JL,Traditional British,N/A,https://guide.michelin.com/gb/en/greater-london/shoreditch/restaurant/brat
Lyle's,2019,51.52378,-0.07704,Shoreditch,United Kingdom,E1 6JJ,Modern British,N/A,https://guide.michelin.com/gb/en/greater-london/shoreditch/restaurant/lyle-s
Galvin La Chapelle,2019,51.52032,-0.0781,Spitalfields,United Kingdom,E1 6DY,French,N/A,https://guide.michelin.com/gb/en/greater-london/spitalfields/restaurant/galvin-la-chapelle
City Social,2019,51.51521,-0.08431,City of London,United Kingdom,EC2N 1HQ,Modern cuisine,N/A,https://guide.michelin.com/gb/en/greater-london/city-of-london/restaurant/city-social
La Dame de Pic,2019,51.510372,-0.0788981,City of London,United Kingdom,EC3N 4AJ,Modern French,N/A,https://guide.michelin.com/gb/en/greater-london/city-of-london/restaurant/la-dame-de-pic
Story,2019,51.50268,-0.07774,Bermondsey,United Kingdom,SE1 2JX,Modern cuisine,N/A,https://guide.michelin.com/gb/en/greater-london/bermondsey/restaurant/story
Trinity,2019,51.46336,-0.14148,Clapham Common,United Kingdom,SW4 0JG,Modern cuisine,N/A,https://guide.michelin.com/gb/en/greater-london/clapham-common/restaurant/trinity
Chez Bruce,2019,51.44607,-0.16553,Wandsworth,United Kingdom,SW17 7EG,French,N/A,https://guide.michelin.com/gb/en/greater-london/wandsworth/restaurant/chez-bruce
Sorrel,2019,51.228825,-0.3346741,Dorking,United Kingdom,RH4 2JU,Modern British,N/A,https://guide.michelin.com/gb/en/surrey/dorking/restaurant/sorrel545459
Restaurant Tristan,2019,51.062347,-0.326034,Horsham,United Kingdom,RH12 1HU,Modern British,N/A,https://guide.michelin.com/gb/en/west-sussex/horsham/restaurant/restaurant-tristan
Gravetye Manor,2019,51.08932,-0.05691,Gravetye,United Kingdom,RH19 4LJ,Modern British,N/A,https://guide.michelin.com/gb/en/west-sussex/gravetye/restaurant/gravetye-manor
The Sportsman,2019,51.34392,0.95885,Seasalter,United Kingdom,CT5 4BP,Modern British,N/A,https://guide.michelin.com/gb/en/kent/seasalter/restaurant/the-sportsman
West House,2019,51.11521,0.64215,Biddenden,United Kingdom,TN27 8AH,Modern British,N/A,https://guide.michelin.com/gb/en/kent/biddenden/restaurant/west-house
Fordwich Arms,2019,51.295284,1.1261871,Fordwich,United Kingdom,CT2 0DB,Modern cuisine,N/A,https://guide.michelin.com/gb/en/kent/fordwich/restaurant/fordwich-arms
Samphire,2019,49.18488,-2.1057,Saint Helier/Saint-Hélier,United Kingdom,JE2 4TQ,Modern cuisine,N/A,https://guide.michelin.com/gb/en/saint-helier/saint-helier-saint-helier/restaurant/samphire392987
Bohemia,2019,49.181225,-2.102417,Saint Helier/Saint-Hélier,United Kingdom,JE2 4UH,Modern cuisine,N/A,https://guide.michelin.com/gb/en/saint-helier/saint-helier-saint-helier/restaurant/bohemia
